#node	date	numeric date
NODE_0000003	1913-03-25	1913.230023
NODE_0000053	1916-08-19	1916.633091
NODE_0000054	1937-11-01	1937.832880
seq_012	1947-01-01	1947.001370
seq_038	1942-01-01	1942.001370
NODE_0000055	1917-11-01	1917.833655
seq_040	1936-01-01	1936.001366
NODE_0000056	1917-11-01	1917.833655
seq_007	1918-01-01	1918.001370
NODE_0000057	1929-07-03	1929.502718
NODE_0000058	1929-07-22	1929.553885
seq_203	1929-12-31	1929.998630
NODE_0000059	1930-04-26	1930.317762
seq_232	1942-01-08	1942.020548
NODE_0000060	1930-12-17	1930.959970
seq_230	1931-01-11	1931.028767
seq_231	1931-01-11	1931.028767
NODE_0000061	1934-07-06	1934.511420
seq_176	1934-12-31	1934.998630
NODE_0000062	1956-09-30	1956.747154
seq_178	1957-01-01	1957.001370
NODE_0000063	1965-08-24	1965.645467
seq_181	1971-01-01	1971.001370
NODE_0000064	1970-12-21	1970.971475
seq_182	1975-01-01	1975.001370
NODE_0000065	1975-01-30	1975.080956
seq_171	1978-01-01	1978.001370
NODE_0000066	1975-03-03	1975.168324
seq_313	1986-01-01	1986.001370
NODE_0000068	1975-11-26	1975.903690
seq_026	1976-01-01	1976.001366
seq_035	1976-01-01	1976.001366
NODE_0000070	1976-01-01	1976.001366
seq_041	1976-01-01	1976.001366
seq_042	1976-01-01	1976.001366
NODE_0000071	1975-04-02	1975.250237
seq_174	1978-01-01	1978.001370
NODE_0000072	1975-10-08	1975.768066
NODE_0000073	1975-11-20	1975.886606
seq_173	1976-01-01	1976.001366
NODE_0000074	1975-12-05	1975.927291
seq_021	1976-01-01	1976.001366
seq_241	2005-01-01	2005.001370
NODE_0000075	1977-05-15	1977.368934
NODE_0000076	1977-10-03	1977.754820
seq_172	1978-01-01	1978.001370
seq_175	1978-01-01	1978.001370
NODE_0000077	1984-02-13	1984.119163
NODE_0000078	1984-05-15	1984.369140
seq_169	1986-01-01	1986.001370
NODE_0000079	1989-06-26	1989.482233
seq_264	1992-09-08	1992.687158
NODE_0000080	1995-01-31	1995.083418
seq_389	2013-12-06	2013.930137
NODE_0000081	1997-01-02	1997.003227
seq_160	2004-01-01	2004.001366
seq_263	2007-06-05	2007.426027
NODE_0000082	1985-10-13	1985.782671
NODE_0000083	1985-12-23	1985.975519
NODE_0000084	2001-04-20	2001.300787
seq_405	2006-01-01	2006.001370
NODE_0000085	2002-07-01	2002.497983
seq_297	2008-12-08	2008.935792
seq_463	2012-10-23	2012.810109
NODE_0000086	1987-06-10	1987.440772
NODE_0000087	1989-12-10	1989.942337
NODE_0000088	1992-07-18	1992.543987
NODE_0000089	1993-04-18	1993.295221
seq_029	1994-01-01	1994.001370
seq_164	2003-01-01	2003.001370
NODE_0000090	1993-08-05	1993.594514
seq_292	2009-05-08	2009.349315
NODE_0000091	2001-03-24	2001.226248
seq_216	2003-01-01	2003.001370
NODE_0000092	2004-08-20	2004.634611
seq_384	2014-03-27	2014.234247
NODE_0000093	2004-12-06	2004.930331
seq_196	2006-01-01	2006.001370
NODE_0000094	2006-10-02	2006.752329
seq_062	2007-09-01	2007.667123
NODE_0000095	2006-11-15	2006.873589
seq_188	2007-01-01	2007.001370
seq_197	2007-01-01	2007.001370
NODE_0000096	1990-08-27	1990.652616
seq_202	1999-01-01	1999.001370
NODE_0000097	1990-12-07	1990.933245
seq_170	1991-01-01	1991.001370
NODE_0000098	1992-02-24	1992.148902
NODE_0000099	1998-09-19	1998.717053
seq_201	2002-01-01	2002.001370
NODE_0000100	1999-03-16	1999.205445
seq_245	2003-06-01	2003.415068
NODE_0000101	2002-04-11	2002.274349
seq_165	2004-01-01	2004.001366
NODE_0000102	2011-11-12	2011.864073
seq_349	2012-11-01	2012.834699
seq_379	2013-11-01	2013.834247
NODE_0000103	1995-10-03	1995.755426
seq_166	2004-01-01	2004.001366
NODE_0000104	1997-04-14	1997.283886
NODE_0000105	1997-11-11	1997.862203
seq_008	1998-01-01	1998.001370
seq_049	1998-12-31	1998.998630
NODE_0000106	1999-07-21	1999.552674
NODE_0000107	2000-10-05	2000.760307
NODE_0000108	2001-11-20	2001.886832
seq_366	2005-09-23	2005.727397
seq_375	2003-10-15	2003.787671
NODE_0000109	2010-01-01	2010.001370
seq_307	2010-01-01	2010.001370
seq_306	2010-01-01	2010.001370
seq_308	2010-01-01	2010.001370
NODE_0000111	2002-04-05	2002.259489
NODE_0000112	2003-05-31	2003.411400
seq_365	2006-10-06	2006.763014
NODE_0000113	2009-12-09	2009.938148
seq_301	2011-03-24	2011.226027
seq_495	2017-02-22	2017.143836
NODE_0000114	2003-11-14	2003.870187
seq_373	2004-02-25	2004.151639
seq_364	2007-10-25	2007.815068
seq_370	2004-02-04	2004.094262
NODE_0000116	1987-10-23	1987.810162
seq_179	1988-01-01	1988.001366
NODE_0000117	1988-01-01	1988.001366
seq_020	1988-01-01	1988.001366
NODE_0000118	1989-04-30	1989.326146
seq_757	2012-09-14	2012.703552
NODE_0000119	1990-05-12	1990.361390
NODE_0000120	1990-07-02	1990.499940
seq_177	1991-01-01	1991.001370
seq_180	1991-01-01	1991.001370
NODE_0000122	1990-09-29	1990.742496
NODE_0000123	1991-01-01	1991.001370
seq_034	1991-01-01	1991.001370
seq_305	2008-11-01	2008.834699
NODE_0000124	1991-01-21	1991.054869
NODE_0000125	1992-07-23	1992.560067
seq_159	2006-01-01	2006.001370
seq_374	2003-10-09	2003.771233
NODE_0000126	1991-10-31	1991.830492
seq_045	1992-01-01	1992.001366
NODE_0000127	1993-07-11	1993.525727
seq_043	1994-08-22	1994.639726
NODE_0000128	1994-02-13	1994.118392
seq_044	1995-07-27	1995.568493
NODE_0000129	1995-01-28	1995.074268
seq_161	1997-01-01	1997.001370
NODE_0000130	1998-02-20	1998.138935
seq_220	2001-10-18	2001.795890
seq_272	2002-09-26	2002.735616
NODE_0000131	1992-03-17	1992.208802
NODE_0000132	1999-07-31	1999.578721
seq_221	2001-04-09	2001.269863
seq_261	2001-03-27	2001.234247
NODE_0000133	1992-04-29	1992.327619
NODE_0000134	1994-02-16	1994.126307
seq_265	1994-04-18	1994.294521
NODE_0000135	1999-06-15	1999.453469
seq_186	2005-01-01	2005.001370
seq_273	2002-04-11	2002.275342
NODE_0000136	1993-01-26	1993.070572
NODE_0000137	1993-06-12	1993.444369
seq_223	1993-07-13	1993.530137
NODE_0000138	1996-03-22	1996.221392
seq_259	2001-12-28	2001.990411
seq_271	2002-11-12	2002.864384
NODE_0000139	1994-08-08	1994.600024
NODE_0000140	1996-08-20	1996.636368
seq_274	2001-06-29	2001.491781
seq_219	2001-12-20	2001.968493
seq_257	1999-07-03	1999.502740
NODE_0000142	1995-04-03	1995.253657
NODE_0000143	1997-05-30	1997.408529
seq_258	2002-06-13	2002.447945
seq_270	2003-10-16	2003.790411
NODE_0000144	1995-06-06	1995.427738
seq_260	2001-08-30	2001.661644
seq_275	2001-04-09	2001.269863
NODE_0000145	1988-08-06	1988.596181
seq_198	1991-01-01	1991.001370
seq_351	2009-09-01	2009.667123
NODE_0000147	1996-08-18	1996.628447
seq_369	2006-05-17	2006.373973
NODE_0000148	2000-02-15	2000.123431
NODE_0000149	2000-04-05	2000.259763
seq_162	2004-01-01	2004.001366
NODE_0000150	2000-05-26	2000.400987
seq_163	2003-01-01	2003.001370
NODE_0000151	2001-04-07	2001.263558
NODE_0000152	2005-08-18	2005.628102
seq_288	2009-09-04	2009.675342
NODE_0000153	2006-03-31	2006.244080
seq_287	2009-12-18	2009.963014
seq_291	2009-05-12	2009.360274
NODE_0000154	2006-02-04	2006.095739
seq_250	2008-01-01	2008.001366
NODE_0000155	2006-06-15	2006.454013
seq_506	2016-02-17	2016.129781
NODE_0000156	2008-02-21	2008.141147
seq_395	2011-04-12	2011.278082
seq_466	2014-12-15	2014.954795
NODE_0000157	2001-06-05	2001.425551
NODE_0000158	2002-12-16	2002.956434
NODE_0000159	2004-04-28	2004.323593
seq_302	2010-02-07	2010.102740
seq_396	2011-03-22	2011.220548
NODE_0000160	2003-05-04	2003.338931
seq_037	2005-01-01	2005.001370
NODE_0000161	2003-05-23	2003.389774
seq_167	2004-01-01	2004.001366
NODE_0000162	2005-05-28	2005.404906
seq_477	2010-09-01	2010.667123
NODE_0000163	2006-01-02	2006.003714
NODE_0000164	2006-11-24	2006.896920
NODE_0000165	2012-04-07	2012.266810
seq_392	2014-09-22	2014.724658
seq_645	2018-03-15	2018.201370
NODE_0000167	2008-02-24	2008.150183
seq_339	2012-01-26	2012.069672
NODE_0000168	2008-03-23	2008.225408
seq_309	2011-11-16	2011.875342
seq_338	2012-01-03	2012.006831
NODE_0000169	2007-02-13	2007.120353
seq_334	2012-09-04	2012.676230
NODE_0000170	2007-04-17	2007.292726
seq_362	2010-09-24	2010.730137
seq_371	2011-10-06	2011.763014
NODE_0000171	2006-02-10	2006.112289
seq_300	2006-08-15	2006.620548
NODE_0000172	2006-05-12	2006.361047
NODE_0000174	2006-08-20	2006.633012
seq_048	2006-11-08	2006.853425
seq_246	2008-12-12	2008.946721
NODE_0000175	2007-12-08	2007.935067
seq_247	2008-10-29	2008.826503
seq_248	2008-10-16	2008.790984
seq_311	2011-09-13	2011.700000
NODE_0000178	2008-01-19	2008.050496
seq_303	2011-01-06	2011.015068
NODE_0000179	2009-05-07	2009.346575
seq_060	2009-05-18	2009.376712
seq_243	2009-05-07	2009.346575
NODE_0000180	2006-08-13	2006.615255
seq_251	2008-01-01	2008.001366
NODE_0000181	2007-08-04	2007.590267
seq_310	2011-09-29	2011.743836
NODE_0000182	2009-08-12	2009.611159
seq_299	2009-10-21	2009.804110
NODE_0000183	2012-03-03	2012.171279
seq_358	2013-07-01	2013.497260
NODE_0000184	2012-07-02	2012.500647
seq_378	2013-12-01	2013.916438
NODE_0000185	2012-11-04	2012.843250
seq_755	2015-03-17	2015.206849
NODE_0000186	2013-09-12	2013.697298
NODE_0000187	2013-11-01	2013.834247
seq_092	2015-04-21	2015.302740
seq_380	2013-11-01	2013.834247
NODE_0000188	2020-11-15	2020.873879
seq_139	2020-11-24	2020.897541
seq_786	2022-12-06	2022.930137
NODE_0000189	2003-08-09	2003.605265
NODE_0000190	2004-06-14	2004.452928
seq_195	2005-01-01	2005.001370
seq_759	2018-09-20	2018.719178
NODE_0000191	2008-06-25	2008.483294
NODE_0000192	2009-10-14	2009.783810
seq_253	2010-05-18	2010.376712
seq_262	2010-12-10	2010.941096
seq_276	2010-11-24	2010.897260
NODE_0000196	2010-09-08	2010.686301
seq_266	2010-09-08	2010.686301
seq_385	2014-04-01	2014.247945
NODE_0000197	2010-07-04	2010.505532
seq_282	2010-11-17	2010.878082
NODE_0000198	2010-08-14	2010.617111
seq_283	2010-11-16	2010.875342
seq_393	2014-07-02	2014.500000
NODE_0000141	2010-11-11	2010.862639
seq_279	2010-11-20	2010.886301
NODE_0000201	2011-11-22	2011.892776
seq_069	2011-12-01	2011.916438
seq_354	2013-02-06	2013.100000
NODE_0000202	2008-07-26	2008.565767
NODE_0000176	2009-02-13	2009.119178
seq_063	2009-02-13	2009.119178
seq_059	2009-02-13	2009.119178
NODE_0000204	2008-09-07	2008.685683
NODE_0000146	2009-07-08	2009.516753
NODE_0000211	2010-09-16	2010.707824
seq_278	2010-11-22	2010.891781
seq_285	2011-01-04	2011.009589
NODE_0000166	2009-07-08	2009.516753
seq_280	2010-11-17	2010.878082
NODE_0000206	2010-02-23	2010.147846
seq_277	2010-11-19	2010.883562
seq_286	2010-12-08	2010.935616
NODE_0000173	2010-07-18	2010.544669
seq_281	2010-11-18	2010.880822
NODE_0000207	2011-04-29	2011.324749
seq_294	2011-06-02	2011.417808
seq_295	2011-06-02	2011.417808
NODE_0000212	2008-11-12	2008.863888
seq_318	2012-09-26	2012.736339
NODE_0000213	2008-12-18	2008.962219
NODE_0000214	2009-02-01	2009.084935
NODE_0000215	2009-10-21	2009.804769
seq_401	2015-02-24	2015.149315
seq_462	2015-08-18	2015.628767
NODE_0000216	2009-02-27	2009.156719
seq_304	2012-06-01	2012.416667
NODE_0000217	2010-11-11	2010.861719
seq_293	2011-05-17	2011.373973
NODE_0000218	2012-04-27	2012.320564
seq_070	2012-08-16	2012.624317
NODE_0000219	2012-08-14	2012.618099
seq_078	2012-09-10	2012.692623
seq_337	2012-08-14	2012.618852
NODE_0000220	2009-02-01	2009.085147
seq_494	2017-03-06	2017.176712
NODE_0000221	2009-02-14	2009.122186
seq_353	2012-10-23	2012.810109
NODE_0000222	2009-03-31	2009.245222
NODE_0000229	2009-07-26	2009.565298
seq_350	2012-10-19	2012.799180
seq_352	2012-10-24	2012.812842
NODE_0000193	2011-02-07	2011.103082
NODE_0000223	2012-04-09	2012.270839
NODE_0000224	2013-08-30	2013.661025
seq_077	2013-09-06	2013.680822
NODE_0000225	2013-12-25	2013.982532
seq_468	2016-09-14	2016.703552
seq_480	2016-10-18	2016.796448
NODE_0000226	2012-08-26	2012.650700
seq_654	2019-06-12	2019.445205
NODE_0000227	2014-09-10	2014.690798
seq_090	2014-11-07	2014.850685
seq_467	2015-12-14	2015.952055
NODE_0000230	2011-05-08	2011.348186
NODE_0000231	2020-01-21	2020.057133
seq_146	2021-04-01	2021.247945
seq_147	2021-07-29	2021.573973
seq_785	2022-11-10	2022.858904
NODE_0000233	2012-08-25	2012.648972
NODE_0000234	2014-02-15	2014.123727
seq_479	2016-09-21	2016.722678
NODE_0000235	2015-07-31	2015.580384
seq_655	2019-02-25	2019.152055
seq_747	2022-09-02	2022.669863
NODE_0000236	2012-10-01	2012.748989
seq_093	2015-08-07	2015.598630
NODE_0000237	2013-07-10	2013.521569
seq_475	2015-07-23	2015.557534
NODE_0000238	2014-03-08	2014.182949
seq_098	2015-10-23	2015.809589
seq_478	2016-10-25	2016.815574
NODE_0000052	1951-09-26	1951.734640
seq_039	1957-01-01	1957.001370
NODE_0000050	1975-12-01	1975.915998
NODE_0000051	1980-06-08	1980.436948
seq_013	1983-01-01	1983.001370
seq_553	2017-04-01	2017.247945
NODE_0000049	1976-04-16	1976.292136
seq_009	1983-01-01	1983.001370
NODE_0000043	1976-06-09	1976.438390
NODE_0000044	1985-07-15	1985.536430
seq_018	1986-01-01	1986.001370
seq_158	2004-01-01	2004.001366
NODE_0000046	1985-09-25	1985.733356
seq_017	1987-01-01	1987.001370
NODE_0000047	1985-10-19	1985.797566
seq_019	1986-01-01	1986.001370
NODE_0000048	1985-12-13	1985.948372
seq_015	1986-01-01	1986.001370
seq_016	1987-01-01	1987.001370
NODE_0000042	1977-10-20	1977.801727
seq_025	1988-01-01	1988.001366
NODE_0000039	1978-02-19	1978.135580
NODE_0000040	1986-07-09	1986.520363
seq_033	1989-01-02	1989.004110
NODE_0000041	1988-01-01	1988.001366
seq_047	1988-08-01	1988.583333
seq_052	1988-01-01	1988.001366
NODE_0000038	1978-08-30	1978.661667
seq_168	1992-01-01	1992.001366
NODE_0000036	1978-10-13	1978.781927
NODE_0000037	1991-09-02	1991.669697
seq_011	1998-01-01	1998.001370
seq_027	1996-01-01	1996.001366
NODE_0000035	1978-10-24	1978.813184
seq_014	1995-07-31	1995.579452
NODE_0000034	1979-07-19	1979.546215
NODE_0000033	1998-10-07	1998.766296
seq_256	2008-03-25	2008.230874
NODE_0000032	1998-11-30	1998.912811
seq_010	1999-01-01	1999.001370
NODE_0000002	2001-03-12	2001.193355
NODE_0000004	2001-09-21	2001.720874
seq_004	2002-01-23	2002.061644
seq_005	2002-06-23	2002.475342
NODE_0000001	2001-04-18	2001.295095
seq_003	2002-01-14	2002.036986
NODE_0000000	2001-05-21	2001.383947
seq_001	2001-12-27	2001.987671
seq_002	2002-01-01	2002.001370
NODE_0000005	2004-03-02	2004.167180
seq_006	2006-05-11	2006.357534
NODE_0000006	2005-03-30	2005.242898
seq_031	2006-07-01	2006.497260
NODE_0000007	2007-12-13	2007.948649
seq_363	2009-04-28	2009.321918
NODE_0000008	2009-06-21	2009.470191
seq_289	2009-07-20	2009.549315
seq_290	2009-07-20	2009.549315
NODE_0000010	2002-10-19	2002.798317
seq_022	2002-12-26	2002.984932
NODE_0000018	2002-12-19	2002.964817
seq_024	2003-01-27	2003.072603
NODE_0000019	2004-02-17	2004.128539
seq_030	2006-03-21	2006.217808
seq_053	2007-03-01	2007.163014
NODE_0000011	2004-07-20	2004.549988
NODE_0000012	2005-01-21	2005.055380
seq_368	2006-12-19	2006.965753
NODE_0000013	2005-06-05	2005.426262
seq_237	2007-01-01	2007.001370
seq_367	2007-04-04	2007.256164
NODE_0000014	2004-09-24	2004.730416
seq_372	2007-02-01	2007.086301
NODE_0000015	2004-10-19	2004.799571
seq_217	2005-01-01	2005.001370
NODE_0000016	2004-11-12	2004.863433
seq_218	2005-01-01	2005.001370
seq_298	2005-10-27	2005.820548
NODE_0000244	2003-03-25	2003.228767
seq_023	2003-03-25	2003.228767
NODE_0000022	2003-10-06	2003.762647
seq_249	2009-10-01	2009.749315
NODE_0000024	2004-02-05	2004.097582
seq_046	2004-10-15	2004.788251
seq_051	2004-05-20	2004.383880
NODE_0000025	2004-11-24	2004.898372
seq_032	2006-10-02	2006.752055
seq_235	2006-01-01	2006.001370
NODE_0000027	2005-01-27	2005.071714
seq_236	2006-01-01	2006.001370
NODE_0000028	2005-07-21	2005.551780
seq_036	2006-01-08	2006.020548
seq_050	2006-04-01	2006.247945
NODE_0000030	2009-10-22	2009.805645
seq_776	2019-10-22	2019.806849
NODE_0000031	2010-02-07	2010.102629
seq_551	2014-06-01	2014.415068
seq_609	2015-08-01	2015.582192
NODE_0000239	1979-07-19	1979.546215
seq_107	2015-11-05	2015.845205
NODE_0000240	1980-06-02	1980.419009
seq_108	2015-11-07	2015.850685
NODE_0000241	1980-06-02	1980.419009
NODE_0000242	2008-12-06	2008.928971
NODE_0000261	2009-04-14	2009.283562
seq_505	2014-04-29	2014.324658
seq_056	2009-04-14	2009.283562
NODE_0000245	2009-01-21	2009.056700
seq_213	2009-05-05	2009.341096
seq_210	2009-05-02	2009.332877
seq_211	2009-05-03	2009.335616
seq_212	2009-05-03	2009.335616
NODE_0000248	2009-02-02	2009.089913
NODE_0000249	2010-02-22	2010.142498
seq_496	2015-01-01	2015.001370
seq_694	2021-09-21	2021.721918
NODE_0000263	2009-06-03	2009.421020
seq_560	2017-07-05	2017.508219
NODE_0000272	2009-06-04	2009.424578
NODE_0000253	2010-06-11	2010.441689
seq_556	2017-10-04	2017.757534
seq_558	2017-05-29	2017.406849
NODE_0000278	2009-06-04	2009.424578
seq_391	2010-03-01	2010.163014
NODE_0000255	2009-09-19	2009.717783
NODE_0000265	2010-04-18	2010.295454
seq_608	2015-06-01	2015.415068
NODE_0000266	2010-09-28	2010.740498
seq_647	2018-11-06	2018.847945
seq_748	2018-04-04	2018.256164
NODE_0000273	2009-10-01	2009.749995
NODE_0000274	2010-01-27	2010.073041
seq_646	2018-04-11	2018.275342
seq_767	2019-07-30	2019.576712
NODE_0000275	2010-03-17	2010.207170
seq_465	2014-12-23	2014.976712
NODE_0000276	2012-10-12	2012.778748
seq_769	2018-09-05	2018.678082
seq_770	2020-02-04	2020.094262
NODE_0000267	2010-02-04	2010.094495
seq_404	2014-10-06	2014.763014
NODE_0000268	2013-05-07	2013.346974
seq_766	2019-07-01	2019.497260
NODE_0000269	2013-11-20	2013.887423
seq_763	2020-01-14	2020.036885
NODE_0000270	2018-01-12	2018.031967
seq_765	2019-06-25	2019.480822
NODE_0000271	2021-01-19	2021.051712
seq_138	2021-02-16	2021.127397
seq_150	2022-09-11	2022.694521
NODE_0000256	2010-03-04	2010.171060
NODE_0000257	2011-09-18	2011.713054
seq_774	2019-08-05	2019.593151
NODE_0000258	2014-11-17	2014.878286
seq_771	2020-01-28	2020.075137
seq_773	2019-08-08	2019.601370
NODE_0000259	2011-08-06	2011.595938
seq_658	2018-01-01	2018.001370
NODE_0000260	2017-10-26	2017.818672
seq_657	2018-01-01	2018.001370
seq_659	2018-01-01	2018.001370
NODE_0000262	2017-12-15	2017.953542
seq_760	2018-01-01	2018.000000
seq_761	2018-01-01	2018.000000
NODE_0000277	2009-10-31	2009.832778
seq_648	2018-12-10	2018.941096
seq_764	2019-03-18	2019.209589
NODE_0000279	2010-02-18	2010.132132
seq_469	2015-04-06	2015.261644
seq_754	2013-08-07	2013.598630
NODE_0000281	2009-12-31	2009.997480
NODE_0000282	2010-10-23	2010.809577
seq_489	2016-09-13	2016.700820
seq_519	2017-05-22	2017.387671
NODE_0000284	2012-02-24	2012.148230
seq_642	2018-01-01	2018.001370
seq_677	2018-04-01	2018.247945
NODE_0000286	2010-04-19	2010.297561
NODE_0000287	2010-10-16	2010.790763
seq_559	2016-05-18	2016.378415
seq_610	2016-02-01	2016.086066
NODE_0000288	2010-12-07	2010.933964
seq_693	2020-11-25	2020.900273
NODE_0000289	2012-09-04	2012.677594
seq_775	2019-08-07	2019.598630
NODE_0000290	2014-07-01	2014.497347
seq_768	2019-08-08	2019.601370
seq_772	2019-08-08	2019.601370
NODE_0000291	2010-03-18	2010.210715
NODE_0000292	2013-05-30	2013.408712
seq_678	2019-08-20	2019.634247
NODE_0000293	2014-04-15	2014.287323
seq_643	2018-02-06	2018.100000
seq_675	2018-04-01	2018.247945
NODE_0000294	2014-05-01	2014.329776
NODE_0000295	2014-07-01	2014.497404
seq_088	2014-07-30	2014.576712
seq_089	2014-07-30	2014.576712
NODE_0000318	2014-07-10	2014.522102
NODE_0000324	2014-08-13	2014.615068
seq_782	2016-09-21	2016.722678
seq_087	2014-08-13	2014.615068
NODE_0000298	2014-09-01	2014.667123
seq_086	2014-09-01	2014.667123
NODE_0000326	2014-09-10	2014.691781
seq_085	2014-09-10	2014.691781
NODE_0000333	2016-01-12	2016.032658
NODE_0000302	2016-06-20	2016.468579
seq_778	2016-06-20	2016.468579
seq_779	2016-06-20	2016.468579
NODE_0000335	2016-03-30	2016.243503
seq_781	2016-08-18	2016.629781
seq_780	2016-06-23	2016.476776
NODE_0000303	2009-03-01	2009.163477
seq_054	2009-04-19	2009.297260
seq_055	2009-04-19	2009.297260
seq_057	2009-04-14	2009.283562
seq_493	2017-04-03	2017.253425
NODE_0000308	2009-03-23	2009.222109
seq_205	2009-10-01	2009.749315
NODE_0000309	2009-05-07	2009.347746
seq_296	2010-11-01	2010.834247
seq_661	2018-11-25	2018.900000
NODE_0000340	2009-04-23	2009.309331
NODE_0000343	2009-04-24	2009.310959
seq_064	2009-11-10	2009.858904
seq_058	2009-04-24	2009.310959
NODE_0000312	2009-11-12	2009.864303
NODE_0000313	2010-02-21	2010.142373
seq_555	2016-11-28	2016.908470
NODE_0000314	2013-01-01	2013.001696
seq_381	2013-11-18	2013.880822
NODE_0000315	2013-04-14	2013.284873
seq_360	2013-08-09	2013.604110
seq_361	2013-08-01	2013.582192
NODE_0000316	2010-08-02	2010.585088
NODE_0000317	2010-11-03	2010.840571
seq_067	2011-01-24	2011.064384
seq_691	2019-05-14	2019.365753
NODE_0000319	2011-01-07	2011.018629
seq_660	2018-10-17	2018.793151
NODE_0000320	2013-01-02	2013.004974
seq_735	2020-11-19	2020.883880
NODE_0000321	2013-09-26	2013.735534
seq_473	2014-08-20	2014.634247
NODE_0000322	2013-11-04	2013.842003
NODE_0000323	2016-01-29	2016.077861
seq_568	2016-04-01	2016.250000
seq_680	2018-01-01	2018.001370
NODE_0000325	2014-04-28	2014.321591
seq_698	2019-10-17	2019.793151
seq_518	2017-05-30	2017.409589
seq_681	2018-01-01	2018.001370
NODE_0000327	2014-06-05	2014.426327
seq_134	2021-01-21	2021.056164
NODE_0000328	2014-07-07	2014.514056
seq_612	2016-01-01	2016.001366
NODE_0000329	2016-05-02	2016.335941
seq_613	2017-01-01	2017.001370
seq_679	2018-01-01	2018.001370
NODE_0000330	2011-09-30	2011.746826
NODE_0000331	2012-07-24	2012.562477
seq_074	2013-01-13	2013.034247
NODE_0000332	2012-11-02	2012.837020
seq_500	2013-09-01	2013.667123
seq_073	2013-01-08	2013.020548
NODE_0000336	2012-12-11	2012.942677
seq_071	2013-01-07	2013.017808
seq_072	2013-01-07	2013.017808
NODE_0000365	2013-01-02	2013.004110
seq_075	2013-01-02	2013.004110
NODE_0000337	2019-04-02	2019.251363
seq_683	2019-05-01	2019.330137
seq_684	2019-05-01	2019.330137
NODE_0000338	2012-06-23	2012.476492
NODE_0000339	2013-06-04	2013.423288
seq_082	2013-10-14	2013.784932
seq_083	2013-06-19	2013.464384
seq_084	2013-06-04	2013.423288
NODE_0000341	2012-07-23	2012.559423
NODE_0000342	2013-09-04	2013.674674
seq_081	2013-11-04	2013.842466
seq_687	2021-01-19	2021.050685
NODE_0000344	2013-10-21	2013.804116
seq_080	2014-02-27	2014.157534
seq_668	2018-02-28	2018.160274
NODE_0000345	2012-11-28	2012.909804
NODE_0000346	2013-11-25	2013.899002
seq_490	2016-10-25	2016.815574
NODE_0000347	2015-01-06	2015.014581
seq_594	2015-03-02	2015.165753
seq_777	2020-01-20	2020.053279
NODE_0000348	2013-01-26	2013.070432
seq_488	2016-03-31	2016.247268
NODE_0000349	2013-05-07	2013.347310
NODE_0000350	2013-05-25	2013.396779
seq_106	2015-01-01	2015.001370
NODE_0000351	2013-07-07	2013.514526
seq_095	2015-02-15	2015.124658
NODE_0000352	2013-11-04	2013.843342
seq_094	2015-02-15	2015.124658
seq_096	2015-03-03	2015.168493
NODE_0000384	2013-05-07	2013.347310
NODE_0000354	2016-10-25	2016.815574
seq_111	2016-10-25	2016.815574
seq_113	2016-10-25	2016.815574
NODE_0000355	2013-07-11	2013.524522
NODE_0000353	2014-10-06	2014.763350
seq_109	2016-03-23	2016.225410
NODE_0000389	2015-07-17	2015.541920
NODE_0000362	2015-09-06	2015.680870
seq_554	2017-08-30	2017.661644
NODE_0000363	2018-01-02	2018.004110
seq_641	2018-01-02	2018.004110
NODE_0000364	2020-01-30	2020.079445
seq_676	2020-03-02	2020.168033
seq_688	2021-04-20	2021.300000
NODE_0000412	2015-07-18	2015.542989
seq_557	2017-10-19	2017.798630
NODE_0000418	2015-07-18	2015.542989
NODE_0000360	2015-10-01	2015.749232
seq_097	2015-11-29	2015.910959
seq_104	2016-02-08	2016.105191
NODE_0000356	2015-11-06	2015.847945
seq_103	2016-01-28	2016.075137
seq_099	2015-11-06	2015.847945
seq_105	2015-12-16	2015.957534
NODE_0000366	2013-08-06	2013.595772
seq_120	2017-09-01	2017.667123
NODE_0000367	2013-12-19	2013.965426
seq_644	2018-11-15	2018.872603
NODE_0000368	2014-01-05	2014.012761
NODE_0000370	2014-04-09	2014.270842
seq_119	2017-03-08	2017.182192
seq_153	2017-01-01	2017.000000
NODE_0000443	2015-11-05	2015.844516
NODE_0000454	2016-11-15	2016.872026
NODE_0000376	2016-12-28	2016.991418
seq_745	2022-09-28	2022.741096
NODE_0000377	2019-01-14	2019.035974
seq_650	2019-04-15	2019.286301
seq_651	2019-04-18	2019.294521
NODE_0000458	2016-11-15	2016.872026
seq_124	2018-04-16	2018.289041
NODE_0000372	2017-04-10	2017.273616
seq_117	2017-09-12	2017.697260
NODE_0000373	2017-06-02	2017.418765
seq_121	2018-01-10	2018.026027
NODE_0000374	2017-07-10	2017.522401
seq_116	2017-12-16	2017.957534
seq_118	2017-12-19	2017.965753
NODE_0000378	2015-12-27	2015.988810
NODE_0000380	2016-02-26	2016.153811
seq_126	2019-01-12	2019.031507
NODE_0000381	2017-02-21	2017.141352
seq_122	2018-03-18	2018.209589
seq_125	2018-11-06	2018.847945
NODE_0000465	2015-12-27	2015.988810
seq_649	2019-04-18	2019.294521
NODE_0000382	2016-10-26	2016.818156
seq_653	2019-04-16	2019.289041
NODE_0000383	2017-01-10	2017.026481
seq_127	2019-01-21	2019.056164
NODE_0000470	2018-03-23	2018.222767
seq_652	2019-04-18	2019.294521
NODE_0000385	2018-08-28	2018.656524
seq_131	2019-07-27	2019.568493
NODE_0000386	2018-10-03	2018.754706
seq_149	2022-05-26	2022.398630
NODE_0000387	2022-02-08	2022.106634
seq_743	2022-08-05	2022.593151
NODE_0000388	2022-04-09	2022.269045
seq_744	2022-06-06	2022.428767
seq_746	2022-09-29	2022.743836
NODE_0000390	2022-07-24	2022.561501
seq_784	2022-10-12	2022.779452
seq_787	2022-11-21	2022.889041
NODE_0000391	1980-08-20	1980.636225
seq_756	2012-12-19	2012.965847
NODE_0000392	1981-01-23	1981.061343
seq_758	2013-01-08	2013.020548
NODE_0000393	1981-05-20	1981.381871
NODE_0000394	1981-06-02	1981.418292
NODE_0000395	1981-06-07	1981.431406
seq_461	1995-01-01	1995.001370
NODE_0000396	1981-06-10	1981.439577
NODE_0000413	1981-06-16	1981.457430
seq_156	1997-01-01	1997.001370
NODE_0000414	1981-08-31	1981.663504
seq_321	1995-10-01	1995.749315
NODE_0000415	1981-12-07	1981.932657
seq_155	1982-01-01	1982.001370
NODE_0000416	1989-08-09	1989.605129
seq_255	1993-09-27	1993.738356
seq_388	2013-11-01	2013.834247
NODE_0000486	1990-03-30	1990.242163
NODE_0000417	1990-11-13	1990.868022
seq_320	1998-10-01	1998.749315
seq_552	2013-01-14	2013.036986
NODE_0000419	1991-09-24	1991.730588
NODE_0000420	1993-07-14	1993.532188
seq_325	2006-07-21	2006.552055
NODE_0000421	2001-01-14	2001.035667
seq_326	2006-05-05	2006.341096
seq_327	2005-04-08	2005.267123
NODE_0000422	1991-11-03	1991.838379
NODE_0000423	1991-11-25	1991.900730
seq_328	1999-06-16	1999.456164
seq_157	1992-01-01	1992.001366
NODE_0000425	1992-06-22	1992.475160
seq_323	1995-10-21	1995.804110
seq_329	1998-06-17	1998.458904
NODE_0000426	1993-11-16	1993.875593
NODE_0000427	1995-07-06	1995.512009
seq_331	1998-03-04	1998.171233
NODE_0000428	1997-09-10	1997.691488
seq_324	1998-11-19	1998.883562
seq_332	2004-09-08	2004.687158
NODE_0000429	1994-03-03	1994.167248
seq_314	2001-01-15	2001.039726
NODE_0000430	1996-07-12	1996.527590
seq_330	2002-03-06	2002.176712
NODE_0000431	2009-01-11	2009.029742
seq_447	2013-09-04	2013.675342
seq_449	2013-08-21	2013.636986
NODE_0000397	1994-07-03	1994.501505
seq_190	2003-01-01	2003.001370
NODE_0000398	1994-09-18	1994.713617
NODE_0000399	1999-04-09	1999.269409
seq_376	2012-02-13	2012.118852
NODE_0000400	1999-07-11	1999.523715
seq_191	2000-01-01	2000.001366
NODE_0000401	2008-08-04	2008.591668
seq_228	2010-01-01	2010.001370
seq_611	2017-06-01	2017.415068
NODE_0000402	1995-10-31	1995.830994
NODE_0000403	1999-09-05	1999.676760
seq_390	2012-02-02	2012.088798
NODE_0000404	2003-08-13	2003.615874
seq_192	2005-01-01	2005.001370
seq_229	2008-01-01	2008.001366
NODE_0000405	2002-10-31	2002.832875
NODE_0000406	2004-08-27	2004.653818
seq_284	2010-06-01	2010.415068
NODE_0000407	2005-07-14	2005.532877
seq_028	2005-07-14	2005.532877
seq_152	2005-07-14	2005.532877
NODE_0000408	2003-08-20	2003.634827
seq_193	2004-01-01	2004.001366
NODE_0000409	2003-11-18	2003.880365
seq_189	2004-01-01	2004.001366
NODE_0000410	2004-07-07	2004.516025
seq_199	2006-01-01	2006.001370
NODE_0000411	2005-01-01	2005.001370
seq_187	2005-01-01	2005.001370
seq_200	2005-01-01	2005.001370
NODE_0000432	1998-07-03	1998.501514
NODE_0000433	2007-03-19	2007.213598
seq_061	2008-11-12	2008.864754
NODE_0000434	2012-09-26	2012.735040
seq_712	2019-03-27	2019.234247
NODE_0000435	2013-12-30	2013.995259
seq_151	2022-10-17	2022.793151
NODE_0000436	2015-04-11	2015.274420
seq_662	2019-03-12	2019.193151
seq_665	2018-04-21	2018.302740
NODE_0000437	1998-07-13	1998.530115
NODE_0000438	1999-04-12	1999.277019
seq_154	2003-01-01	2003.001370
seq_254	2001-01-01	2001.001370
NODE_0000439	1999-04-23	1999.307792
seq_319	2000-10-01	2000.750000
NODE_0000440	1999-07-15	1999.536403
seq_233	2001-01-01	2001.001370
NODE_0000441	1999-11-20	1999.886754
seq_322	2004-10-01	2004.750000
NODE_0000442	2000-12-23	2000.976046
seq_269	2005-04-15	2005.286301
seq_222	2001-02-28	2001.160274
NODE_0000444	2001-12-30	2001.995581
NODE_0000445	2002-03-26	2002.230199
seq_751	2011-10-06	2011.763014
NODE_0000446	2005-01-28	2005.075164
seq_399	2013-01-15	2013.039726
NODE_0000447	2006-05-05	2006.340087
seq_226	2009-11-05	2009.845205
NODE_0000448	2008-05-20	2008.385054
seq_402	2013-01-15	2013.039726
seq_753	2010-09-30	2010.746575
NODE_0000449	2002-07-11	2002.524628
seq_268	2006-09-11	2006.694521
NODE_0000450	2004-03-02	2004.167884
seq_267	2007-12-06	2007.930137
NODE_0000451	2005-08-15	2005.621271
seq_227	2009-11-05	2009.845205
NODE_0000452	2006-08-01	2006.581614
seq_752	2012-01-12	2012.031421
NODE_0000453	2007-04-08	2007.266300
seq_194	2007-11-15	2007.872603
seq_656	2018-10-01	2018.749315
NODE_0000455	2007-08-11	2007.610423
seq_207	2008-01-01	2008.001366
seq_208	2008-01-01	2008.001366
NODE_0000457	2007-09-07	2007.684025
seq_244	2009-03-01	2009.163014
NODE_0000568	2007-11-09	2007.856024
seq_209	2008-01-01	2008.001366
seq_206	2008-01-01	2008.001366
NODE_0000460	2007-11-03	2007.838581
seq_400	2011-11-08	2011.853425
NODE_0000461	2008-08-01	2008.582724
NODE_0000462	2010-05-22	2010.388234
NODE_0000463	2010-06-16	2010.456945
seq_507	2013-05-01	2013.330137
NODE_0000464	2011-11-05	2011.843873
seq_316	2011-12-25	2011.982192
NODE_0000574	2011-12-07	2011.932877
seq_340	2012-02-26	2012.154372
seq_315	2011-12-07	2011.932877
NODE_0000466	2011-06-12	2011.446186
seq_633	2014-12-06	2014.930137
NODE_0000467	2011-08-17	2011.624837
seq_383	2013-01-17	2013.045205
NODE_0000468	2012-05-09	2012.354071
seq_629	2016-11-30	2016.913934
NODE_0000469	2013-03-23	2013.223996
seq_621	2016-12-02	2016.919399
seq_091	2014-11-26	2014.902740
seq_394	2014-01-04	2014.009589
seq_511	2017-12-05	2017.927397
NODE_0000472	2008-10-09	2008.773153
NODE_0000473	2010-10-20	2010.800616
seq_079	2013-12-27	2013.987671
seq_631	2015-11-17	2015.878082
NODE_0000474	2010-08-09	2010.604863
seq_397	2012-11-12	2012.864754
NODE_0000476	2010-11-18	2010.879748
NODE_0000477	2010-12-16	2010.958306
seq_066	2011-01-04	2011.009589
seq_068	2011-01-04	2011.009589
NODE_0000478	2011-09-13	2011.698632
seq_076	2012-12-12	2012.946721
seq_398	2012-11-13	2012.867486
NODE_0000479	2013-02-01	2013.085915
seq_377	2013-11-07	2013.850685
NODE_0000483	2013-03-21	2013.218874
seq_509	2016-04-18	2016.296448
NODE_0000484	2013-05-20	2013.382200
seq_110	2016-10-21	2016.804645
seq_484	2015-12-18	2015.963014
NODE_0000593	2013-08-24	2013.646263
NODE_0000498	2014-11-15	2014.871904
seq_486	2014-12-26	2014.984932
seq_482	2014-12-26	2014.984932
seq_481	2014-12-26	2014.984932
seq_487	2014-12-26	2014.984932
NODE_0000608	2013-08-24	2013.646263
seq_485	2015-10-25	2015.815068
NODE_0000485	2014-01-07	2014.019124
seq_578	2017-12-01	2017.916438
NODE_0000487	2014-07-30	2014.576377
seq_101	2015-11-23	2015.894521
seq_102	2015-11-19	2015.883562
NODE_0000488	2014-09-09	2014.689911
seq_136	2020-11-25	2020.900273
NODE_0000489	2015-01-26	2015.068820
seq_723	2019-11-16	2019.875342
NODE_0000490	2015-10-29	2015.826145
seq_726	2019-12-04	2019.924658
NODE_0000491	2017-06-09	2017.438056
seq_632	2017-11-12	2017.864384
NODE_0000492	2019-06-29	2019.492052
seq_727	2019-12-04	2019.924658
seq_728	2019-12-04	2019.924658
NODE_0000494	2018-04-18	2018.293703
seq_725	2018-11-20	2018.886301
NODE_0000495	2020-07-17	2020.543154
seq_135	2021-01-05	2021.012329
NODE_0000496	2020-10-08	2020.769675
seq_140	2021-01-28	2021.075342
seq_143	2020-12-28	2020.990437
NODE_0000501	2013-03-15	2013.201760
NODE_0000502	2014-01-23	2014.062288
seq_624	2016-11-20	2016.886612
seq_720	2019-11-02	2019.836986
NODE_0000503	2013-07-03	2013.502693
seq_100	2015-07-02	2015.500000
NODE_0000505	2013-08-30	2013.662974
NODE_0000506	2013-10-29	2013.824988
seq_622	2016-12-02	2016.919399
seq_628	2017-11-15	2017.872603
NODE_0000507	2013-10-29	2013.827311
seq_630	2017-10-23	2017.809589
NODE_0000509	2014-03-04	2014.170365
seq_561	2017-04-01	2017.247945
seq_724	2019-11-02	2019.836986
NODE_0000510	2014-01-11	2014.028001
seq_619	2016-11-04	2016.842896
NODE_0000511	2015-07-09	2015.519519
NODE_0000512	2018-01-24	2018.064764
seq_123	2018-12-11	2018.943836
NODE_0000513	2018-10-18	2018.794949
seq_721	2018-11-19	2018.883562
seq_722	2018-11-19	2018.883562
NODE_0000514	2016-12-17	2016.959303
seq_623	2017-11-04	2017.842466
NODE_0000515	2018-02-01	2018.086301
seq_670	2018-02-01	2018.086301
seq_695	2018-05-09	2018.352055
NODE_0000516	2013-08-15	2013.621383
seq_729	2018-11-11	2018.861644
NODE_0000517	2013-11-03	2013.840008
seq_579	2016-11-01	2016.834699
NODE_0000518	2016-08-05	2016.593891
seq_669	2018-03-01	2018.163014
NODE_0000519	2016-11-06	2016.847211
NODE_0000520	2017-03-04	2017.171680
seq_742	2020-12-14	2020.952186
NODE_0000521	2019-11-14	2019.869863
seq_128	2019-11-14	2019.869863
NODE_0000522	2019-12-27	2019.988301
seq_137	2020-08-20	2020.635246
NODE_0000523	2020-09-27	2020.738359
seq_141	2021-03-10	2021.187671
seq_142	2021-02-22	2021.143836
NODE_0000524	2017-05-02	2017.332424
seq_620	2017-11-02	2017.836986
seq_626	2017-11-19	2017.883562
seq_577	2017-12-01	2017.916438
NODE_0000527	2017-10-10	2017.774548
seq_625	2017-11-19	2017.883562
seq_627	2017-11-19	2017.883562
NODE_0000528	1994-01-31	1994.084414
NODE_0000529	1998-05-21	1998.386095
seq_415	2006-11-30	2006.913699
NODE_0000530	1999-02-02	1999.089242
seq_427	2008-12-10	2008.941257
NODE_0000533	1999-07-19	1999.547698
seq_333	2001-10-01	2001.749315
NODE_0000534	2001-04-26	2001.316130
seq_416	2004-07-01	2004.498634
seq_682	2018-01-01	2018.001370
NODE_0000535	1999-03-14	1999.198870
seq_750	2003-01-01	2003.000000
NODE_0000537	1999-07-24	1999.560289
NODE_0000538	2000-08-16	2000.625403
seq_596	2013-02-26	2013.154795
NODE_0000539	2001-06-18	2001.460448
seq_413	2010-03-25	2010.228767
seq_417	2007-05-09	2007.352055
NODE_0000540	2000-06-18	2000.463191
seq_429	2010-11-18	2010.880822
NODE_0000541	2004-01-17	2004.044996
seq_424	2006-11-23	2006.894521
seq_425	2007-09-13	2007.700000
NODE_0000542	1999-04-04	1999.256098
NODE_0000543	1999-12-08	1999.935104
seq_414	2004-07-01	2004.498634
seq_607	2016-01-01	2016.001366
NODE_0000544	1999-05-26	1999.398556
NODE_0000545	2000-11-04	2000.844177
seq_406	2011-07-01	2011.497260
seq_433	2011-04-01	2011.247945
NODE_0000546	1999-11-13	1999.867559
NODE_0000547	2003-03-04	2003.170225
seq_422	2004-07-01	2004.498634
seq_423	2005-07-01	2005.497260
NODE_0000548	2000-03-12	2000.195789
seq_428	2008-06-18	2008.463115
NODE_0000549	2000-08-04	2000.591338
seq_407	2010-09-17	2010.710959
seq_614	2013-01-01	2013.001370
NODE_0000550	1999-04-24	1999.312087
NODE_0000551	2004-01-14	2004.035558
NODE_0000552	2004-05-01	2004.332921
seq_440	2011-01-01	2011.001370
NODE_0000553	2007-08-27	2007.652535
seq_421	2008-11-18	2008.881148
NODE_0000554	2010-08-23	2010.641394
seq_476	2014-01-01	2014.001370
seq_603	2014-01-01	2014.001370
NODE_0000555	2004-03-01	2004.166345
seq_605	2016-01-01	2016.001366
NODE_0000556	2004-04-27	2004.320563
NODE_0000557	2004-06-15	2004.454222
seq_604	2013-01-01	2013.001370
seq_606	2017-01-01	2017.001370
NODE_0000558	2004-05-01	2004.330866
NODE_0000559	2004-07-06	2004.511249
seq_359	2009-02-03	2009.091781
seq_420	2007-12-18	2007.963014
NODE_0000560	2005-02-26	2005.154248
seq_418	2006-02-28	2006.160274
seq_419	2008-01-21	2008.056011
NODE_0000561	1999-09-04	1999.674578
seq_426	2005-07-01	2005.497260
NODE_0000562	2003-08-28	2003.657033
NODE_0000563	2004-05-24	2004.395486
seq_412	2009-07-07	2009.513699
seq_498	2012-09-01	2012.668033
NODE_0000564	2005-05-14	2005.365322
NODE_0000565	2005-11-29	2005.909821
seq_411	2011-09-01	2011.667123
NODE_0000566	2008-10-29	2008.827384
seq_410	2010-10-08	2010.768493
seq_616	2013-01-01	2013.001370
NODE_0000567	2005-07-01	2005.497260
seq_408	2005-07-01	2005.497260
seq_409	2007-12-19	2007.965753
NODE_0000569	2006-02-11	2006.114353
seq_615	2016-01-01	2016.001366
NODE_0000570	2012-12-26	2012.985208
seq_762	2016-12-01	2016.916667
NODE_0000571	2019-08-01	2019.582744
seq_715	2020-11-19	2020.883880
NODE_0000572	2019-08-30	2019.662483
seq_718	2021-08-27	2021.653425
NODE_0000573	2020-12-12	2020.947159
seq_148	2021-11-24	2021.897260
seq_719	2021-05-14	2021.365753
NODE_0000575	2021-01-19	2021.051845
seq_716	2021-11-23	2021.894521
seq_717	2021-09-17	2021.710959
NODE_0000576	1994-05-02	1994.334215
NODE_0000577	2002-07-29	2002.572663
seq_431	2004-07-01	2004.498634
seq_432	2012-07-01	2012.498634
NODE_0000578	1996-04-21	1996.305407
seq_185	1998-01-01	1998.001370
NODE_0000579	2000-07-03	2000.505266
NODE_0000580	2001-06-03	2001.421004
seq_586	2007-08-21	2007.636986
NODE_0000582	2005-11-27	2005.904735
seq_601	2012-01-23	2012.061475
NODE_0000584	2006-04-17	2006.292181
NODE_0000585	2008-04-19	2008.299226
seq_346	2010-01-01	2010.001370
seq_573	2017-03-23	2017.223288
NODE_0000586	2007-05-01	2007.328799
seq_598	2012-03-29	2012.241803
NODE_0000587	2010-12-28	2010.991012
seq_430	2012-07-01	2012.498634
seq_439	2012-01-01	2012.001366
NODE_0000588	2006-01-25	2006.066355
NODE_0000589	2007-02-21	2007.140536
seq_513	2017-06-07	2017.431507
NODE_0000590	2009-06-20	2009.467870
seq_570	2016-10-12	2016.780055
seq_571	2017-02-22	2017.143836
NODE_0000591	2006-04-25	2006.313090
seq_065	2010-10-21	2010.804110
NODE_0000592	2006-12-16	2006.957056
seq_585	2007-11-05	2007.845205
seq_583	2008-04-25	2008.315574
NODE_0000594	2007-01-22	2007.058456
seq_582	2008-09-02	2008.670765
seq_584	2007-11-22	2007.891781
NODE_0000595	2001-07-31	2001.578883
NODE_0000596	2001-11-18	2001.879763
NODE_0000597	2002-03-12	2002.193147
seq_336	2009-11-30	2009.913699
NODE_0000598	2004-04-28	2004.324863
seq_514	2017-05-26	2017.398630
seq_569	2017-03-23	2017.223288
NODE_0000599	2004-01-16	2004.042432
seq_242	2007-09-20	2007.719178
NODE_0000600	2005-01-27	2005.071737
NODE_0000601	2012-03-11	2012.191937
seq_458	2013-03-01	2013.163014
seq_459	2012-07-31	2012.580601
NODE_0000602	2008-02-20	2008.138587
seq_445	2011-05-05	2011.341096
NODE_0000603	2010-04-07	2010.263211
NODE_0000604	2010-11-18	2010.880204
seq_444	2010-12-15	2010.954795
seq_685	2018-09-01	2018.667123
NODE_0000605	2017-07-18	2017.544596
seq_737	2020-02-17	2020.129781
NODE_0000606	2019-12-13	2019.949499
seq_783	2021-11-30	2021.913699
NODE_0000607	2020-12-05	2020.927524
seq_144	2021-04-19	2021.297260
seq_145	2021-04-19	2021.297260
NODE_0000609	2003-10-31	2003.832773
NODE_0000610	2010-06-17	2010.459711
seq_736	2020-03-03	2020.170765
NODE_0000611	2010-10-13	2010.783069
seq_636	2017-10-03	2017.754795
NODE_0000612	2011-01-01	2011.001370
seq_460	2011-01-01	2011.001370
NODE_0000613	2015-10-28	2015.823015
seq_730	2019-03-29	2019.239726
seq_731	2019-07-20	2019.549315
NODE_0000614	2005-02-25	2005.151258
seq_457	2012-10-24	2012.812842
NODE_0000615	2008-02-26	2008.153012
NODE_0000616	2009-08-01	2009.583484
seq_503	2014-09-01	2014.667123
NODE_0000617	2009-11-27	2009.905957
seq_441	2011-01-17	2011.045205
seq_595	2015-01-05	2015.012329
NODE_0000618	2008-10-20	2008.802260
seq_527	2016-11-04	2016.842896
NODE_0000619	2010-07-14	2010.533023
seq_501	2014-09-01	2014.667123
NODE_0000620	2011-06-10	2011.439416
seq_342	2012-01-01	2012.001366
seq_539	2016-07-04	2016.506831
NODE_0000621	2001-09-17	2001.710910
seq_214	2004-01-01	2004.001366
NODE_0000622	2002-09-11	2002.694702
NODE_0000623	2003-07-24	2003.560116
seq_234	2007-12-01	2007.916438
seq_541	2016-05-27	2016.403005
NODE_0000625	2003-12-05	2003.926841
seq_512	2017-12-20	2017.968493
NODE_0000626	2006-08-14	2006.616944
seq_224	2009-01-01	2009.001370
NODE_0000627	2012-11-15	2012.872990
seq_472	2015-08-08	2015.601370
seq_697	2019-12-24	2019.979452
NODE_0000628	2002-09-30	2002.746237
seq_184	2003-01-01	2003.001370
NODE_0000629	2004-03-11	2004.192851
seq_589	2010-01-11	2010.028767
NODE_0000630	2004-06-21	2004.471915
seq_215	2006-12-15	2006.954795
NODE_0000631	2004-11-02	2004.837389
seq_593	2015-05-21	2015.384932
NODE_0000632	2005-08-14	2005.617732
seq_345	2011-01-01	2011.001370
seq_348	2010-01-01	2010.001370
NODE_0000634	2005-07-18	2005.544169
NODE_0000635	2006-05-28	2006.404433
NODE_0000636	2011-02-05	2011.096200
seq_452	2012-01-13	2012.034153
seq_732	2019-01-28	2019.075342
NODE_0000637	2006-12-04	2006.923919
seq_464	2013-12-12	2013.946575
NODE_0000638	2007-09-29	2007.742894
seq_451	2013-01-22	2013.058904
seq_453	2012-05-21	2012.386612
NODE_0000639	2005-11-05	2005.845684
seq_590	2009-03-27	2009.234247
NODE_0000646	2005-12-03	2005.921945
seq_225	2009-01-01	2009.001370
seq_343	2011-01-01	2011.001370
NODE_0000641	2005-12-08	2005.936698
seq_587	2011-08-15	2011.620548
NODE_0000642	2006-05-03	2006.335110
seq_312	2009-01-01	2009.001370
NODE_0000643	2008-05-01	2008.332889
seq_602	2011-11-29	2011.910959
NODE_0000644	2008-07-08	2008.518982
seq_240	2009-01-01	2009.001370
seq_599	2012-02-14	2012.121585
NODE_0000647	2007-10-02	2007.751165
seq_600	2012-01-24	2012.064208
NODE_0000648	2009-09-12	2009.698479
seq_474	2013-01-01	2013.001370
NODE_0000649	2010-11-07	2010.851028
NODE_0000650	2012-01-14	2012.035610
seq_534	2016-09-22	2016.725410
seq_538	2016-07-15	2016.536885
NODE_0000651	2011-06-15	2011.454278
seq_442	2012-01-10	2012.025956
seq_434	2012-01-02	2012.004098
NODE_0000653	2011-07-29	2011.575337
seq_532	2016-11-01	2016.834699
NODE_0000654	2014-03-09	2014.185898
seq_526	2016-11-09	2016.856557
NODE_0000655	2015-04-15	2015.285977
NODE_0000656	2017-06-30	2017.494521
seq_129	2019-09-24	2019.730137
seq_516	2017-06-30	2017.494521
NODE_0000657	2015-08-04	2015.590612
NODE_0000659	2020-06-10	2020.441257
seq_130	2020-06-10	2020.441257
seq_132	2020-06-10	2020.441257
NODE_0000660	2015-11-11	2015.860644
seq_525	2016-11-30	2016.913934
NODE_0000661	2016-11-04	2016.842896
seq_523	2017-02-27	2017.157534
seq_528	2016-11-04	2016.842896
NODE_0000663	2016-10-05	2016.761997
seq_524	2017-01-12	2017.031507
NODE_0000664	2017-03-11	2017.190206
seq_520	2017-04-26	2017.316438
seq_521	2017-04-11	2017.275342
NODE_0000665	2015-12-02	2015.918349
seq_492	2017-01-01	2017.001370
NODE_0000666	2016-01-23	2016.062092
seq_531	2016-11-02	2016.837432
seq_515	2017-08-16	2017.623288
seq_749	2022-11-28	2022.908219
NODE_0000668	2003-10-14	2003.783651
NODE_0000696	2003-11-08	2003.853862
seq_543	2016-03-21	2016.219945
NODE_0000700	2005-09-26	2005.735745
seq_317	2011-05-25	2011.395890
seq_576	2017-10-26	2017.817808
NODE_0000697	2003-12-14	2003.951580
seq_183	2004-01-01	2004.001366
NODE_0000698	2011-09-09	2011.687701
seq_450	2012-07-04	2012.506831
seq_667	2018-04-10	2018.272603
NODE_0000772	2004-06-27	2004.486790
seq_497	2012-09-01	2012.668033
NODE_0000773	2004-06-27	2004.486790
NODE_0000675	2004-08-18	2004.629438
NODE_0000677	2004-10-07	2004.765841
seq_204	2006-01-01	2006.001370
seq_739	2018-11-20	2018.886301
NODE_0000678	2004-10-26	2004.818771
NODE_0000679	2008-11-12	2008.864398
seq_382	2010-12-21	2010.971233
seq_504	2014-09-01	2014.667123
NODE_0000680	2009-11-25	2009.901136
seq_639	2017-03-10	2017.187671
NODE_0000681	2010-02-15	2010.124787
seq_502	2014-09-01	2014.667123
NODE_0000682	2012-03-08	2012.185726
seq_356	2012-11-01	2012.834699
seq_734	2019-10-18	2019.795890
NODE_0000683	2009-09-20	2009.719142
NODE_0000684	2012-07-06	2012.513315
seq_640	2017-01-24	2017.064384
seq_689	2018-07-10	2018.521918
NODE_0000685	2011-03-22	2011.221659
seq_355	2012-08-01	2012.583333
NODE_0000686	2011-04-30	2011.327577
NODE_0000687	2011-12-26	2011.983757
seq_635	2017-01-30	2017.080822
seq_690	2019-04-15	2019.286301
NODE_0000688	2013-01-05	2013.011763
seq_738	2020-01-27	2020.072404
NODE_0000689	2015-10-21	2015.804182
seq_592	2016-04-01	2016.250000
NODE_0000690	2016-01-01	2016.001366
seq_618	2016-01-01	2016.001366
NODE_0000691	2016-04-06	2016.264512
seq_617	2017-05-09	2017.352055
seq_634	2017-01-25	2017.067123
NODE_0000693	2016-07-31	2016.581939
seq_483	2016-10-01	2016.750000
NODE_0000791	2016-10-01	2016.750000
seq_114	2016-10-01	2016.750000
seq_112	2016-10-01	2016.750000
NODE_0000792	2004-06-27	2004.486790
NODE_0000670	2005-03-06	2005.177260
seq_357	2013-03-01	2013.163014
NODE_0000671	2007-06-04	2007.423443
seq_574	2017-10-06	2017.763014
NODE_0000672	2008-06-30	2008.495768
seq_535	2016-09-09	2016.689891
NODE_0000673	2013-08-18	2013.630040
seq_549	2015-07-20	2015.549315
seq_666	2019-03-01	2019.163014
NODE_0000701	2004-09-16	2004.708172
NODE_0000702	2005-02-06	2005.098890
seq_437	2012-05-25	2012.397541
NODE_0000703	2013-12-08	2013.935427
seq_663	2018-04-19	2018.297260
seq_699	2019-11-06	2019.847945
NODE_0000705	2007-04-08	2007.266071
seq_544	2016-02-12	2016.116120
NODE_0000706	2009-04-17	2009.291452
seq_438	2011-06-20	2011.467123
NODE_0000707	2009-10-19	2009.799653
seq_700	2020-02-21	2020.140710
NODE_0000708	2010-07-14	2010.533728
NODE_0000709	2012-07-11	2012.527237
seq_575	2017-05-19	2017.379452
seq_696	2019-10-01	2019.749315
NODE_0000710	2012-10-01	2012.750814
seq_664	2018-12-19	2018.965753
NODE_0000711	2014-01-18	2014.048511
seq_572	2017-05-04	2017.338356
seq_711	2018-01-30	2018.080822
NODE_0000712	2005-04-28	2005.322024
NODE_0000713	2005-08-21	2005.638076
NODE_0000714	2005-11-11	2005.861407
seq_347	2010-01-01	2010.001370
seq_508	2017-07-18	2017.543836
NODE_0000715	2007-05-13	2007.364108
seq_597	2012-04-12	2012.280055
NODE_0000716	2007-08-06	2007.596734
seq_238	2009-01-01	2009.001370
NODE_0000717	2009-03-14	2009.198960
NODE_0000718	2009-07-10	2009.522964
seq_341	2012-01-01	2012.001366
seq_344	2011-01-01	2011.001370
NODE_0000719	2010-01-02	2010.003152
seq_471	2014-01-01	2014.001370
seq_536	2016-08-09	2016.605191
NODE_0000720	2005-06-06	2005.427930
NODE_0000721	2005-10-01	2005.749361
seq_252	2010-05-01	2010.330137
NODE_0000722	2006-06-12	2006.445600
seq_239	2009-01-01	2009.001370
seq_591	2009-03-27	2009.234247
NODE_0000723	2006-06-04	2006.423852
NODE_0000724	2006-07-04	2006.506513
NODE_0000725	2014-09-07	2014.684826
seq_567	2015-04-29	2015.324658
seq_692	2020-01-17	2020.045082
NODE_0000726	2006-09-05	2006.677794
NODE_0000727	2007-03-12	2007.191831
seq_588	2010-10-04	2010.757534
NODE_0000728	2007-04-21	2007.303422
seq_335	2009-12-03	2009.921918
seq_448	2012-10-03	2012.755464
NODE_0000729	2007-05-02	2007.333517
NODE_0000730	2007-06-20	2007.467934
seq_403	2010-01-13	2010.034247
seq_470	2014-01-01	2014.001370
NODE_0000731	2010-03-14	2010.198770
seq_499	2013-09-01	2013.667123
NODE_0000732	2011-10-14	2011.785397
NODE_0000733	2011-11-24	2011.897627
seq_443	2012-02-04	2012.094262
seq_702	2020-01-21	2020.056011
NODE_0000734	2014-09-23	2014.728201
seq_530	2016-11-07	2016.851093
NODE_0000735	2015-04-04	2015.256630
seq_115	2016-11-01	2016.834699
NODE_0000736	2015-10-23	2015.808559
seq_637	2017-04-25	2017.313699
NODE_0000737	2017-01-16	2017.042389
seq_740	2018-10-03	2018.754795
seq_741	2018-09-20	2018.719178
NODE_0000738	2006-11-28	2006.908219
NODE_0000740	2011-05-04	2011.338995
seq_529	2016-11-04	2016.842896
seq_673	2018-06-28	2018.489041
NODE_0000741	2008-04-13	2008.282593
seq_674	2018-01-03	2018.006849
NODE_0000742	2015-03-31	2015.245722
seq_565	2017-08-02	2017.584932
seq_703	2020-08-31	2020.665301
NODE_0000743	2007-02-06	2007.100130
NODE_0000745	2007-09-19	2007.717582
seq_581	2011-09-05	2011.678082
NODE_0000746	2007-11-14	2007.871096
seq_455	2012-10-09	2012.771858
NODE_0000747	2007-12-14	2007.951091
seq_454	2012-02-08	2012.105191
NODE_0000748	2011-05-22	2011.388059
seq_547	2015-10-23	2015.809589
NODE_0000749	2012-05-07	2012.347143
seq_537	2016-07-25	2016.564208
seq_550	2015-07-06	2015.510959
NODE_0000750	2007-05-09	2007.353359
NODE_0000751	2011-01-26	2011.069273
seq_533	2016-10-17	2016.793716
NODE_0000752	2011-04-18	2011.293881
seq_436	2011-06-30	2011.494521
seq_548	2015-07-20	2015.549315
NODE_0000753	2010-05-14	2010.364574
NODE_0000754	2013-06-30	2013.494529
seq_522	2017-04-03	2017.253425
seq_672	2018-06-18	2018.461644
NODE_0000755	2010-09-19	2010.717151
NODE_0000756	2010-12-02	2010.920301
seq_456	2012-10-10	2012.774590
seq_562	2017-05-15	2017.368493
NODE_0000757	2011-10-12	2011.780314
seq_545	2016-01-11	2016.028689
NODE_0000758	2014-06-14	2014.450873
seq_517	2017-06-08	2017.434247
seq_710	2019-01-31	2019.083562
NODE_0000760	2007-05-12	2007.360454
seq_435	2011-05-24	2011.393151
NODE_0000761	2008-08-19	2008.633759
seq_446	2011-08-25	2011.647945
NODE_0000762	2011-01-05	2011.011145
seq_540	2016-06-21	2016.471311
NODE_0000763	2012-08-17	2012.628195
seq_686	2019-09-01	2019.667123
NODE_0000764	2013-01-16	2013.041583
seq_671	2018-02-13	2018.119178
NODE_0000765	2013-02-24	2013.148785
seq_714	2020-11-12	2020.864754
NODE_0000766	2013-06-28	2013.489858
seq_542	2016-04-07	2016.266393
NODE_0000767	2013-12-01	2013.916034
seq_133	2020-09-10	2020.692623
NODE_0000768	2014-07-28	2014.572312
seq_491	2017-01-01	2017.001370
seq_733	2019-09-18	2019.713699
NODE_0000769	2007-02-16	2007.128168
seq_564	2016-11-29	2016.911202
NODE_0000770	2009-03-01	2009.164329
seq_638	2017-04-13	2017.280822
NODE_0000771	2010-08-12	2010.611355
seq_580	2015-08-17	2015.626027
seq_386	2011-06-23	2011.475342
NODE_0000774	2010-11-21	2010.889256
seq_387	2013-01-23	2013.061644
seq_566	2015-10-06	2015.763014
NODE_0000775	2012-09-27	2012.738779
seq_563	2017-09-11	2017.694521
NODE_0000776	2013-10-10	2013.772727
NODE_0000777	2014-04-01	2014.246705
seq_510	2015-09-15	2015.705479
NODE_0000778	2014-10-20	2014.800916
seq_705	2019-12-10	2019.941096
NODE_0000779	2015-10-19	2015.799605
seq_713	2020-07-13	2020.531421
NODE_0000780	2016-02-25	2016.150500
seq_701	2019-08-05	2019.593151
seq_709	2019-09-19	2019.716438
NODE_0000781	2014-08-08	2014.601587
seq_707	2019-10-15	2019.787671
NODE_0000782	2014-10-08	2014.767679
seq_546	2015-11-03	2015.839726
seq_708	2020-08-07	2020.599727
NODE_0000784	2015-06-30	2015.494948
seq_704	2020-03-18	2020.211749
seq_706	2019-10-31	2019.831507
