Feature,human_human_HOW_important,human_human_importance_present,human_human_std_present,human_human_present_N,human_human_importance_not_present,human_human_std_not_present,human_human_not_present_N,swine_swine_HOW_important,swine_swine_importance_present,swine_swine_std_present,swine_swine_present_N,swine_swine_importance_not_present,swine_swine_std_not_present,swine_swine_not_present_N,human_swine_HOW_important,human_swine_importance_present,human_swine_std_present,human_swine_present_N,human_swine_importance_not_present,human_swine_std_not_present,human_swine_not_present_N,swine_human_HOW_important,swine_human_importance_present,swine_human_std_present,swine_human_present_N,swine_human_importance_not_present,swine_human_std_not_present,swine_human_not_present_N
pos2_N,0.0,,,0,,,0,0.0,,,0,,,0,0.0,,,0,,,0,0.0,,,0,,,0
pos2_D,0.007070177234709263,-0.0012120296336614476,0.008757752919159556,131,0.004392722435295582,0.0010336712269374303,5,0.002011924749240279,0.0011511460965377535,0.0034042413678711156,131,-0.00017452816246077418,0.001117283417941358,5,0.0013353945687413216,-7.42690333672657e-05,0.0023597201482844646,131,0.0007425075629726053,0.00010665680464736377,5,9.44095227168873e-05,3.1147704325093824e-05,0.00038034294953326764,131,6.736884024576284e-05,4.607462822014408e-05,5
pos2_E,0.0065900711342692375,0.0071865990466903895,0.006592606597039286,4,-0.0016093264915098464,0.007590189343975218,132,9.657513146521524e-05,3.8231212784012314e-05,8.128247037984561e-05,4,4.1003022974192305e-05,0.00027644719446763457,132,0.0,,,0,,,0,0.0,,,0,,,0
pos2_Y,0.0,,,0,,,0,0.0,,,0,,,0,0.0,,,0,,,0,0.0,,,0,,,0
pos3_A,0.0,,,0,,,0,0.0,,,0,,,0,0.0,,,0,,,0,0.0,,,0,,,0
pos3_L,0.0,,,0,,,0,0.0,,,0,,,0,0.0,,,0,,,0,0.0,,,0,,,0
pos3_F,0.0,,,0,,,0,0.004860899411141872,,,0,0.004860899811747539,0.002286916194756248,136,0.005893305875360966,,,0,-0.005863188264329973,0.0015384711796132215,136,0.00014846392150502652,,,0,0.0001484640624232056,0.00015012962725218684,136
pos3_P,0.02337890863418579,0.020237348301129207,0.014270555918381141,9,-0.0073571275798448065,0.026517639421651674,127,0.0228070467710495,0.008330120394627253,0.008160753825782945,9,0.022814053003357697,0.012085182499005153,127,0.003984450828284025,0.0008749724107070102,0.005192674354167974,9,-0.003573463288640904,0.002437171178866746,127,0.007184178102761507,7.893324396314306e-05,0.0030608127388967654,9,-0.0069928357583436745,0.004999578529777321,127
pos3_S,0.004436590243130922,0.0032825470905692325,0.0039156470384285455,127,-0.005918807751085196,0.0027877054093863648,9,0.012112955562770367,0.012035456965915771,0.007051555430011235,127,0.004496233744753731,0.004615785337177867,9,0.005687136203050613,-0.003210659288502423,0.004745813335633507,127,0.01484010513457987,0.002941290313424706,9,0.012000787071883678,-0.011134072010635442,0.009393793887983858,127,-0.0242130940573083,0.007820969966199492,9
pos3_T,0.0,,,0,,,0,0.0,,,0,,,0,0.0,,,0,,,0,0.0,,,0,,,0
pos3_Y,0.0,,,0,,,0,0.0006532794795930386,,,0,0.0006532795947243678,0.0002502948725717243,136,0.00042720430064946413,,,0,0.00042720423045787304,0.000138665481145282,136,0.020130256190896034,,,0,-0.02013025587588987,0.0022830657739807227,136
pos4_N,0.011105279438197613,-0.0037672702994531217,0.012947092818080019,134,0.005089063546620309,0.0012525912607088685,2,0.015237927436828613,0.01511871693012958,0.006414820137499589,134,-7.324398029595613e-05,0.0038617345271632075,2,0.001000052085146308,-8.015506384776588e-05,0.0017534926300117497,134,-0.011002853978425264,0.0018217205069959164,2,0.024040281772613525,-0.02415604375775403,0.008837016717598498,134,-0.006026304792612791,0.011385672260075808,2
pos4_G,0.0,,,0,,,0,0.0,,,0,,,0,0.0,,,0,,,0,0.0,,,0,,,0
pos4_H,0.006173423957079649,-0.005402052542194724,0.0011724003124982119,2,-0.0029191691914934722,0.006130129126012907,134,0.0006186817190609872,0.0005611169181065634,0.00012496933049988002,2,0.0004176158504718055,0.0007542058344229603,134,0.0025049876421689987,-0.0018564753700047731,0.0001726814080029726,2,-0.0010280774793554612,0.0033025976393866265,134,0.0005892199114896357,0.00031024949566926807,2.7362184482626617e-05,2,0.00012597417988407828,0.001633935625657317,134
pos4_I,0.0,,,0,,,0,0.0,,,0,,,0,0.0,,,0,,,0,0.0,,,0,,,0
pos4_K,0.0,,,0,,,0,0.0,,,0,,,0,0.0,,,0,,,0,0.0,,,0,,,0
pos4_T,0.0002789210411719978,,,0,-0.00027892104684296474,5.102904762152798e-05,136,0.0033487523905932903,,,0,0.0031302163800265748,0.0016536110373363611,136,3.151482451357879e-05,,,0,3.1514818274177634e-05,2.1292047902256094e-05,136,0.026196293532848358,,,0,-0.02549204884288723,0.006769835860800317,136
pos5_I,0.0,,,0,,,0,0.0,,,0,,,0,0.0,,,0,,,0,0.0,,,0,,,0
pos5_T,0.0,,,0,,,0,0.0,,,0,,,0,0.0,,,0,,,0,0.0,,,0,,,0
pos6_E,0.0,,,0,,,0,0.0,,,0,,,0,0.0,,,0,,,0,0.0,,,0,,,0
pos6_I,0.0,,,0,,,0,0.0,,,0,,,0,0.0,,,0,,,0,0.0,,,0,,,0
pos6_L,0.0028778784908354282,,,0,-0.0015573299854569247,0.0033061965989139436,136,0.0,,,0,,,0,0.0,,,0,,,0,0.0,,,0,,,0
pos6_M,0.006079494021832943,0.0049393865545945504,0.005458014726872282,14,0.004379706213453052,0.005557908242234864,122,0.014603485353291035,0.009333142811166388,0.010269834191325957,14,0.013441137584941615,0.010868093075760392,122,0.09269256144762039,-0.0709076341632421,0.04302878906815161,14,-0.09354229906507573,0.048389834755357554,122,0.009436395950615406,-0.004197002845882837,0.011256205000562585,14,-0.007642109441997595,0.010665765854199113,122
pos6_F,0.0,,,0,,,0,0.0,,,0,,,0,0.0,,,0,,,0,0.0,,,0,,,0
pos6_T,0.0,,,0,,,0,0.0006907435017637908,,,0,0.0006907433224328355,0.0005763424503825421,136,0.0019787114579230547,,,0,-0.0019787116334020324,0.0004987785316247083,136,0.0,,,0,,,0
pos6_V,0.012353431433439255,0.012761911076312736,0.00652724412657943,122,0.004902236853792731,0.006928770362381717,14,0.011362256482243538,0.009882980433281237,0.009745265884066422,122,0.008467294076191527,0.011436001818951345,14,0.06365613639354706,-0.06492643317848933,0.03477135387244751,122,-0.03392931120470166,0.038302683079826386,14,0.06867773085832596,-0.03645076308891818,0.07628203339275835,122,-0.07392745727806219,0.08041919873576803,14
pos7_I,0.0,,,0,,,0,0.0,,,0,,,0,0.0,,,0,,,0,0.0,,,0,,,0
pos7_L,0.003265912178903818,0.0003623105585575104,0.0,1,0.002493139745180357,0.0032899720394885023,135,0.004563474096357822,0.018369773402810097,0.0,1,2.811144459647713e-05,0.006416198455937454,135,0.0035452027805149555,-0.005094330757856369,0.0,1,-0.0034110861940361147,0.001689741260564497,135,0.0,,,0,,,0
pos7_S,0.0005752717843279243,0.0003877565613404827,0.0005349151246551982,134,-0.003718183608725667,0.00010234606452286243,2,0.006106187589466572,0.00045913462561847113,0.008615925852556994,134,-0.0032323168125003576,6.323656998574734e-05,2,0.00018693230231292546,-7.711035441762258e-05,0.0005892617103178811,134,5.0957343773916364e-05,1.6319674614351243e-05,2,0.0,,,0,,,0
pos7_T,0.0,,,0,,,0,0.0,,,0,,,0,0.0,,,0,,,0,0.0,,,0,,,0
pos8_S,0.0,,,0,,,0,0.0,,,0,,,0,0.0,,,0,,,0,0.0,,,0,,,0
pos8_T,0.0,,,0,,,0,0.0,,,0,,,0,0.0,,,0,,,0,0.0,,,0,,,0
pos9_C,0.0,,,0,,,0,0.0,,,0,,,0,0.0,,,0,,,0,0.0,,,0,,,0
pos9_F,0.0,,,0,,,0,0.0,,,0,,,0,0.0,,,0,,,0,0.0,,,0,,,0
pos9_Y,0.0,,,0,,,0,0.0,,,0,,,0,0.0,,,0,,,0,0.0,,,0,,,0
pos10_Q,0.0,,,0,,,0,0.0,,,0,,,0,0.0,,,0,,,0,0.0,,,0,,,0
pos10_E,0.0,,,0,,,0,0.0,,,0,,,0,0.0,,,0,,,0,0.0,,,0,,,0
pos10_K,0.0,,,0,,,0,0.0,,,0,,,0,0.0,,,0,,,0,0.0,,,0,,,0
pos11_N,0.0,,,0,,,0,0.0,,,0,,,0,0.0,,,0,,,0,0.0,,,0,,,0
pos11_D,0.0,,,0,,,0,0.0,,,0,,,0,0.0,,,0,,,0,0.0,,,0,,,0
pos11_G,0.0,,,0,,,0,0.0,,,0,,,0,0.0,,,0,,,0,0.0,,,0,,,0
pos12_R,0.0,,,0,,,0,0.0,,,0,,,0,0.0,,,0,,,0,0.0,,,0,,,0
pos12_I,0.0036688095424324274,0.002682986183230296,0.0028305193156535086,133,-0.00476952811004594,0.005752464575078768,3,0.009136651642620564,0.008575272732543413,0.004115253127607974,133,-0.022370778024196625,0.009566668496551429,3,0.001716978382319212,0.00104498476336213,0.0018031063011215386,133,-0.002452911304620405,0.005402740810751811,3,0.030976803973317146,-0.030593460374966935,0.009438712292205808,133,0.03439127219220003,0.012397617761836649,3
pos12_L,0.0,,,0,,,0,0.0,,,0,,,0,0.0,,,0,,,0,0.0,,,0,,,0
pos12_M,0.0,,,0,,,0,0.0,,,0,,,0,0.0,,,0,,,0,0.0,,,0,,,0
pos12_T,0.0,,,0,,,0,0.010526711121201515,-0.0024635102599859238,0.007508909995108799,3,0.009925956068615816,0.004624398698780604,133,0.0,,,0,,,0,0.03586497902870178,0.026021188008598983,0.03282794936629419,3,-0.03540724234083708,0.01119585295189353,133
pos13_L,0.0,,,0,,,0,0.0,,,0,,,0,0.0,,,0,,,0,0.0,,,0,,,0
pos13_M,0.0,,,0,,,0,0.0,,,0,,,0,0.0,,,0,,,0,0.0,,,0,,,0
pos14_I,0.0,,,0,,,0,0.0005937049863860011,-0.00040559814078733325,0.0,1,-9.888304759644799e-05,0.001483751524028153,135,0.0,,,0,,,0,0.0,,,0,,,0
pos14_L,0.10787814855575562,-0.06630465121318897,0.04480177690555549,15,-0.10931045758491767,0.052635263189535354,121,0.01418089959770441,0.0062831049629797535,0.009019414514146944,15,0.013172536996873442,0.010507323442436366,121,0.047127798199653625,-0.04080507829785347,0.00984520519345586,15,-0.04776698743447292,0.01612747690946061,121,0.037203215062618256,-0.002038921012232701,0.031022911081169485,15,0.01743585682831982,0.04168014991617987,121
pos14_K,0.00017848549759946764,,,0,0.0001683938885167556,0.000170603582099499,136,0.02730599045753479,,,0,0.026690733618392293,0.009061534938440289,136,0.0016338832210749388,,,0,-0.00136961490566404,0.0014268324870781602,136,0.03600864112377167,,,0,-0.03600864249336369,0.009296735260600968,136
pos14_M,0.04166073724627495,0.04180541108819723,0.018344211254813475,112,0.03747323850014558,0.020973079017759907,24,0.08594350516796112,0.08767738811937827,0.03372972463606912,112,0.0760570588997022,0.039720087622306735,24,0.08039116114377975,-0.08111111011281277,0.04223452227921873,112,-0.06285378507648905,0.04244522617811379,24,0.09347549825906754,-0.09112653702530744,0.04660776621092482,112,-0.10443717241287231,0.04236412187007575,24
pos14_T,0.02413458563387394,0.04151111406584581,0.02255232757252696,3,-0.004144605145087471,0.027975980132747953,133,0.03737073019146919,0.01723647986849149,0.008202540584011125,3,0.0343301927492384,0.022662694375148788,133,0.08536241203546524,-0.03985944390296936,0.02219557254862083,3,-0.0849933984809331,0.035738961089150104,133,0.005287766922265291,-0.016005172083775204,0.004650234132340769,3,-0.004107984000017352,0.006967273663843341,133
pos14_V,0.0033589096274226904,-0.00552573949098587,0.0026529571135802243,5,0.002343152018969537,0.0029159299660092113,131,0.007057283539324999,0.01724025597795844,0.014926061070232808,5,0.0024492105109530913,0.011265453863158886,131,0.0013507506810128689,0.006550060957670212,0.0015034884062417298,5,-0.0011162624481349174,0.0005817912728235744,131,0.006723281927406788,-0.007790154498070479,0.0032276957237891445,5,-0.006679840142752456,0.002697936975470223,131
pos15_R,0.0,,,0,,,0,0.0,,,0,,,0,0.0,,,0,,,0,0.0,,,0,,,0
pos15_G,0.0,,,0,,,0,0.0,,,0,,,0,0.0,,,0,,,0,0.0,,,0,,,0
pos16_I,0.0,,,0,,,0,0.0,,,0,,,0,0.0,,,0,,,0,0.0,,,0,,,0
pos16_M,0.0,,,0,,,0,0.0,,,0,,,0,0.0,,,0,,,0,0.0,,,0,,,0
pos18_R,0.02050110511481762,,,0,-0.015793622536447775,0.015079202747897853,136,0.02318803407251835,,,0,0.022464775908327496,0.008702200939724547,136,0.0,,,0,,,0,0.0040056221187114716,,,0,0.00254983731011795,0.00416661735249725,136
pos18_N,0.0,,,0,,,0,0.0,,,0,,,0,0.0,,,0,,,0,0.0,,,0,,,0
pos18_I,0.0,,,0,,,0,0.0,,,0,,,0,0.0,,,0,,,0,0.0,,,0,,,0
pos18_K,0.004302719607949257,-0.0019440278150055005,0.005890339224609736,135,0.001651965780183673,0.0,1,0.0015637524193152785,0.0010163040022066357,0.0021572091091186718,135,0.013874280266463757,0.0,1,0.0,,,0,,,0,0.004355210345238447,0.0014039448617647091,0.006097779949820223,135,0.0017455099150538445,0.0,1
pos18_Y,0.0,,,0,,,0,0.0,,,0,,,0,0.0,,,0,,,0,0.0,,,0,,,0
pos19_I,0.009049725718796253,,,0,0.009016534970963703,0.0027854559265308794,136,2.1897934857406653e-05,,,0,2.1897929758217608e-05,2.6717290879943818e-05,136,0.01677684485912323,,,0,-0.016681794060466073,0.004416413416655393,136,0.0,,,0,,,0
pos19_L,1.5412884749821387e-05,,,0,-1.5412896228848267e-05,8.780622029750879e-06,136,0.00016878482711035758,,,0,0.00014953029989662943,0.00014915783454887908,136,0.0005248760571703315,,,0,-0.0005009867131775536,0.00026731496156663,136,0.0,,,0,,,0
pos19_M,0.002198746893554926,0.001987398171770431,0.001338067462745263,136,,,0,0.0008904939168132842,0.0008826520899995504,0.000353185852882097,136,,,0,0.0037453314289450645,-0.0032464161854209926,0.002033090455720417,136,,,0,0.00020235638658050448,0.00020235635950966216,6.1222127150788e-05,136,,,0
pos19_V,0.0,,,0,,,0,0.0,,,0,,,0,0.0,,,0,,,0,0.0,,,0,,,0
pos20_R,0.0,,,0,,,0,0.0,,,0,,,0,0.0,,,0,,,0,0.0,,,0,,,0
pos20_Q,0.0,,,0,,,0,0.0,,,0,,,0,0.0,,,0,,,0,0.0,,,0,,,0
pos21_L,0.0,,,0,,,0,0.0,,,0,,,0,0.0,,,0,,,0,0.0,,,0,,,0
pos21_F,0.0,,,0,,,0,0.0,,,0,,,0,0.0,,,0,,,0,0.0,,,0,,,0
pos22_R,0.0005169051582925022,0.0003993039475365852,0.00022934557248163097,3,0.00048685864929663003,0.000580840717372276,133,0.027908174321055412,0.026056626190741856,0.005679262331135013,3,0.027304787601911483,0.010071765922085644,133,0.0,,,0,,,0,0.04095950350165367,-0.03729663913448652,0.003939045039416054,3,-0.0405205530191608,0.01302528390997918,133
pos22_D,0.0,,,0,,,0,0.0,,,0,,,0,0.0,,,0,,,0,0.0,,,0,,,0
pos22_E,0.007121794857084751,0.008599100712065896,0.004556433154378798,3,0.0024147258829092387,0.010781850623387402,133,0.00925528071820736,0.010508114782472452,0.003255052341530911,3,0.008802398780178754,0.004279635273905393,133,0.009309899061918259,-0.002644743537530303,0.00906098243596644,3,-0.008251840201109346,0.005879639957899148,133,0.01432275865226984,-0.003545560408383608,0.0062096681606470215,3,-0.014189956211695042,0.005314786939841397,133
pos22_G,0.007847629487514496,0.004667288671883468,0.007523037026485796,130,0.003172175493091345,0.00410842158651227,6,0.011054626666009426,0.010060829730355181,0.005918922255223667,130,0.01523932379980882,0.002056738497184286,6,0.003027307568117976,9.184963346342556e-05,0.00422256406408305,130,0.00021168267509589592,0.0024181027361518444,6,0.008564688265323639,-0.008113401937477577,0.006437908144034019,130,-0.016165989140669506,0.00751730938643183,6
pos22_S,0.0,,,0,,,0,0.0,,,0,,,0,0.0,,,0,,,0,0.0,,,0,,,0
pos22_V,0.0,,,0,,,0,0.0,,,0,,,0,0.0,,,0,,,0,0.0,,,0,,,0
pos23_P,0.0,,,0,,,0,0.0,,,0,,,0,0.0,,,0,,,0,0.0,,,0,,,0
pos23_S,0.0,,,0,,,0,0.002615770325064659,-0.00016264550439116837,0.003758603600402588,134,0.017888544127345085,0.006930414587259293,2,0.0,,,0,,,0,0.0,,,0,,,0
pos23_Y,0.0,,,0,,,0,0.0,,,0,,,0,0.0,,,0,,,0,0.0,,,0,,,0
pos25_L,0.005578192416578531,,,0,0.005578192810336237,0.0013677167170703822,136,0.0,,,0,,,0,0.019709380343556404,,,0,-0.019709378987660304,0.0029612420465070324,136,0.00010065062087960541,,,0,0.00010065063476277454,7.387563419225552e-05,136
pos25_S,0.00021068485511932522,0.00019158073738414233,0.00014758945067965996,136,,,0,0.0,,,0,,,0,0.0,,,0,,,0,0.0,,,0,,,0
pos25_T,0.0,,,0,,,0,0.0,,,0,,,0,0.0,,,0,,,0,0.0,,,0,,,0
pos26_R,0.0,,,0,,,0,0.0,,,0,,,0,0.0,,,0,,,0,0.0,,,0,,,0
pos26_E,0.10143615305423737,-0.09601044997965034,0.04731596420719997,76,-0.1079531378306759,0.04798676896023998,60,0.0103470953181386,1.9161786105159034e-05,0.012786401099502541,76,-0.005297530148042521,0.01362753887108868,60,0.12710416316986084,-0.12324751909871243,0.05267564502431353,76,-0.13184721985210976,0.04696298134814316,60,0.07429582625627518,0.019979019261786322,0.08949142633262014,76,0.032096158961455026,0.08039331292100975,60
pos26_G,0.0022355695255100727,-0.005584378261119127,0.0008631665259599686,2,0.0010935906789736178,0.003414106585255396,134,0.007222358137369156,0.007813175208866596,0.0009198160842061043,2,0.006962764505627078,0.002980966263165532,134,0.0016603964613750577,0.0038039329810999334,0.0024016607203520834,2,-0.0008578534916903157,0.0018157978661645967,134,0.03741852566599846,-0.024274312891066074,0.0031073400750756264,2,-0.03745311420800081,0.009219320104221695,134
pos26_K,0.01277945190668106,-0.003309214525180668,0.012195903671632553,58,-0.010308514659603437,0.01452060223569046,78,0.014835637994110584,0.018220013766730173,0.014202017821735585,58,0.007805130358834644,0.011618355194149024,78,0.006580505054444075,-0.00642233040632383,0.004579382779282103,58,-0.006591974036918822,0.004937430944715954,78,0.02167672850191593,0.00980545648831296,0.024959855198162257,58,0.008652742447921833,0.025686633007242204,78
pos26_T,0.0,,,0,,,0,0.0,,,0,,,0,0.0,,,0,,,0,0.0,,,0,,,0
pos27_D,0.01795773208141327,0.01267684786265867,0.02066032708517808,111,0.005206096052424982,0.020359486501244962,25,0.07555777579545975,0.06349623361827915,0.05860736831262836,111,0.09823907313868403,0.05972458663274317,25,0.03636642545461655,-0.034619108312301805,0.018973841468522674,111,-0.04393498552497476,0.027498807640928623,25,0.09647434949874878,-0.09036172070930637,0.04492175584127522,111,-0.12361447483301163,0.050181808350559826,25
pos27_G,0.0017955086659640074,0.001941211747471243,0.0015923002632253506,25,0.00013695845846414486,0.0021303987848219604,111,0.005769860930740833,0.003914865282131359,0.007143079367927509,25,0.004377229337855546,0.005926287307642732,111,0.004302922170609236,-0.0023888435761909932,0.0035575385034420206,25,-0.003949805576626163,0.0035767131469703014,111,0.0029590819031000137,-0.0032133915135636928,0.0036694763464957467,25,-0.002773383919385106,0.003019476597315556,111
pos28_L,0.014652247540652752,0.01175513443783583,0.010243061699549801,136,,,0,0.0008030208409763873,-0.0005795387146730825,0.0008460482722914459,136,,,0,0.0020034858025610447,-0.0013546353610068122,0.0021672919359253893,136,,,0,0.0,,,0,,,0
pos28_W,2.2752279619453475e-05,,,0,2.275227933189265e-05,1.5419117031638987e-05,136,0.00011262204498052597,,,0,-6.125471284523134e-05,0.0002329186965121407,136,5.899842290091328e-05,,,0,5.814325629838844e-05,0.00010400572123131643,136,0.0,,,0,,,0
pos29_N,0.004621210508048534,0.0013699314338652562,0.006177653151056776,129,0.0033087593723653947,0.00487061886921143,7,0.03400789946317673,0.01805508599951394,0.038073174596348895,129,0.08441362370337759,0.035054116405317845,7,0.005971274804323912,-0.005942730857903145,0.004073040651875479,129,-0.005213035004479545,0.003821259525076953,7,0.016295192763209343,-0.009214365344865486,0.018666399451981668,129,-0.03978043595062835,0.019730854583425696,7
pos29_S,0.0003189310082234442,0.0007840031654008531,0.0010331797502954598,7,7.82722750468671e-05,0.000723675506790736,129,0.0033120722509920597,0.003861232951749116,0.004497636278734486,7,0.0012825303800889022,0.004541080142940738,129,0.00033614609856158495,-0.00033662658844540213,0.0012993069446454013,7,-0.00020660533251873315,0.0008175085336020127,129,0.0,,,0,,,0
pos31_I,0.039076752960681915,-0.030886604716735228,0.02245442590416549,7,-0.030800148078600077,0.0343523222830999,129,0.0541667640209198,0.058165060090167184,0.016146853100007907,7,0.05244416734988823,0.028028561543976916,129,0.011573894880712032,-0.01012177142755328,0.004579559131506663,7,-0.01078910583959258,0.007570799090574081,129,0.019323095679283142,-0.011535456304305367,0.008728751691146678,7,-0.0179015434491033,0.01207076107648096,129
pos31_M,0.009631633758544922,0.004185723652521712,0.01035327973339488,129,-0.011948240883482088,0.012390843751190003,7,0.007751310709863901,0.0069476699627134516,0.006301816180080128,129,0.006702657722468887,0.0020743338783647688,7,0.004143747501075268,-0.003965489505862369,0.0028107136912512245,129,0.0004334114325631942,0.0019780039366191263,7,0.0062960172072052956,-0.0013041736180406758,0.008188224776624353,129,-0.011707188694604806,0.0036137857694922143,7
pos31_V,0.0005058964597992599,,,0,0.0005058964101515492,0.0002245054686590266,136,0.0,,,0,,,0,0.005968909710645676,,,0,-0.005968909914372489,0.0009304685216304924,136,0.0,,,0,,,0
pos32_A,0.001682886271737516,,,0,0.0016828862041139098,0.0004772390058683165,136,0.000510410696733743,,,0,0.0005104107425294762,0.0002112177446864616,136,0.0283042062073946,,,0,-0.02830420239992878,0.003302145038305685,136,0.0003488256479613483,,,0,0.0003488255846177173,0.00015995148310669264,136
pos32_I,0.01061679795384407,-0.009040797199639584,0.010483746165752181,76,-0.007390038649706791,0.008582151976919384,60,0.05999736115336418,0.06590476538985968,0.018933120178407658,76,0.0525146402263393,0.01685852517301053,60,0.019180811941623688,-0.017909385257792707,0.008571084149746229,76,-0.020791280230817697,0.008246424732693413,60,0.0287321824580431,-0.028507728447469783,0.013949903161007275,76,-0.0288115949369967,0.01546716481877867,60
pos32_M,0.0,,,0,,,0,0.0,,,0,,,0,0.0,,,0,,,0,0.0,,,0,,,0
pos32_T,0.0,,,0,,,0,0.0,,,0,,,0,0.0,,,0,,,0,0.0,,,0,,,0
pos32_V,0.02480451762676239,-0.018432512997727222,0.01550077289403412,60,-0.02803115076753066,0.01413186034558256,76,0.007587501313537359,-0.003387010495650126,0.008792840486105421,60,0.0013282607729994005,0.00908780409469649,76,0.0067031970247626305,-0.0003482136361223335,0.006807377113640458,60,0.0042640331123134515,0.008278611958933743,76,0.02140447124838829,-0.020963278870719176,0.012564233798969617,60,-0.021060179987168675,0.01219231396489383,76
pos33_I,0.0,,,0,,,0,0.015394184738397598,,,0,0.014864818579928182,0.004523796983527966,136,0.0,,,0,,,0,0.01896209828555584,,,0,-0.017603607508456607,0.007997922904930272,136
pos33_M,0.0,,,0,,,0,0.009409468621015549,0.009608025937764482,0.005940703601258602,11,0.007025284885428846,0.00933485298840829,125,0.0,,,0,,,0,0.012976362369954586,-0.023347664476287635,0.012550027517811865,11,-0.010468507167723146,0.012444902872639826,125
pos33_T,0.0005771436262875795,9.286161289855955e-05,0.0005273882093800473,125,-0.002137470588257367,0.000469369740850232,11,0.020018793642520905,0.017079276381991804,0.01762324401281409,125,0.027265504468232393,0.0173588758649015,11,0.0,,,0,,,0,0.010846925899386406,-0.00903677767132467,0.01014869510222871,125,-0.014720939290286466,0.007654772245046998,11
pos34_R,0.007212255150079727,0.002699757485296922,0.008183715236089135,54,0.0005690668013568673,0.008930819525058403,82,0.005960405338555574,-0.0003701681998791173,0.007464501848192415,54,-0.00019734500333803092,0.006889228032576058,82,0.039318542927503586,-0.04127814980327255,0.016740596206839143,54,-0.038008035896005245,0.017393678283170854,82,0.03256553038954735,-0.029156820178118156,0.01770546918669076,54,-0.03369506604461249,0.01659890152985322,82
pos34_Q,0.018295280635356903,0.01665914719182538,0.011859450923775895,82,0.01933198218466714,0.012706917233394918,54,0.03982332721352577,-0.038832570925900124,0.022740039493790585,82,-0.03950265683050492,0.023290837593787285,54,0.025031499564647675,0.02494811860778122,0.022826063492149544,82,0.014383436010339883,0.02048820268809301,54,0.01472924929112196,0.00556690894012629,0.018321380398144554,82,-0.004944214392539665,0.01484069803260312,54
pos34_G,0.0,,,0,,,0,0.0,,,0,,,0,0.0,,,0,,,0,0.0,,,0,,,0
pos34_L,0.0,,,0,,,0,0.0,,,0,,,0,0.0,,,0,,,0,0.0,,,0,,,0
pos34_K,0.0,,,0,,,0,0.0,,,0,,,0,0.0,,,0,,,0,0.0,,,0,,,0
pos35_C,0.0,,,0,,,0,0.0,,,0,,,0,0.0,,,0,,,0,0.0,,,0,,,0
pos35_L,8.491193148074672e-05,,,0,8.091940633355134e-05,0.00011942799206796823,136,2.7467342079035006e-05,,,0,2.7467329352796642e-05,3.354861281551717e-05,136,0.0015192372957244515,,,0,-0.0015192370894296532,0.0005860496301490686,136,0.0,,,0,,,0
pos35_F,0.0,,,0,,,0,0.0,,,0,,,0,2.3429416614817455e-05,-2.324802729911907e-05,1.1241554463877746e-05,136,,,0,0.0,,,0,,,0
pos36_E,0.00021942955208942294,0.0002194295238415875,0.00017883501397529644,136,,,0,0.01165281143039465,0.011649317334077376,0.002954071453828195,136,,,0,0.0,,,0,,,0,0.042208004742860794,-0.04217598215601517,0.009352579945555377,136,,,0
pos36_G,0.0,,,0,,,0,0.0026551904156804085,,,0,0.0026551912305876613,0.0004581842224698343,136,0.0,,,0,,,0,0.03187238797545433,,,0,-0.0318723810453187,0.002919301392446047,136
pos36_K,0.0,,,0,,,0,0.0,,,0,,,0,0.0,,,0,,,0,0.0,,,0,,,0
pos37_A,0.02052047662436962,0.008678565602749586,0.01752431731762019,25,0.018081721695043514,0.01850897409823437,111,0.031501006335020065,0.042033086456358434,0.049398733505119995,25,0.007059962632919049,0.035366820582591656,111,0.05357377231121063,-0.07510286474600435,0.0634068520490042,25,-0.03929989236021028,0.048590608272190944,111,0.20807179808616638,-0.1763878821581602,0.0903509397437199,25,-0.21471176977135106,0.07715679977734392,111
pos37_S,0.0014577581314370036,0.0002574647340241443,0.0015068248018285267,111,-0.002321352069848217,0.0019996465019961754,25,0.0,,,0,,,0,0.0032605519518256187,-0.002253618779479996,0.003441024208816365,111,-0.002470527436817065,0.00415661573644824,25,0.0004404466599225998,-0.00041615725169797334,0.0004646925112367121,111,-0.0002867104526376352,0.0005767902375745255,25
pos39_R,0.011571991257369518,0.014278685415370597,0.009363111125769673,9,0.006425970130015151,0.01429987262982905,127,0.04298906400799751,-0.0006023426540195942,0.016341833192174544,9,0.038246479719569244,0.032682943020247046,127,0.02565527893602848,-0.005772967813148473,0.012033001814747132,9,-0.024249087268391287,0.016331060179345755,127,0.020774321630597115,-0.02908581267628405,0.012485547772851609,9,-0.01944905490874346,0.02355121822424515,127
pos39_K,0.0006211629370227456,0.00031441450362505323,0.001086918236842,127,-0.00023463431554975815,9.119846068725961e-05,9,0.0013247830793261528,0.0006897929697730633,0.0013469100435545371,127,-0.0005698994460140562,0.001003851637948792,9,0.002395679010078311,-0.0017314183024272935,0.002128711448477349,127,-0.0013437680706071358,0.0016546229584133816,9,0.003159931628033519,-0.002548936435239624,0.0029186390808088737,127,-0.0028637698592825066,0.004182406859841138,9
pos40_I,0.011766031384468079,-0.0008465587455683145,0.014618706087600103,69,-0.0006187812333106439,0.015539566774970351,67,0.03920320048928261,0.03368932620851674,0.015249217324947616,69,0.04488168553963526,0.015213292114010362,67,0.27787071466445923,-0.2648234129815862,0.08571585391555885,69,-0.29130755831946187,0.07663430458590469,67,0.11174473911523819,-0.10466725698105343,0.04735564919571064,69,-0.11893782561728314,0.041075057570335555,67
pos40_L,0.02291186712682247,0.025505752352182755,0.019286940600773003,65,0.01759440666408947,0.01613301911451746,71,0.0053425999358296394,-0.0013177823812629168,0.006437517996956234,65,-0.0007265196034265026,0.006407642892055197,71,0.08540228754281998,0.085546466607887,0.04093047584397209,65,0.08494144287427664,0.04008557881639848,71,0.017750022932887077,-0.022239207021462228,0.010831050500596049,65,-0.012998546090208217,0.008952170184562949,71
pos40_V,0.000791484082583338,-0.00336863670963794,0.000506016775034368,2,3.1207980290633005e-05,0.0011782776020400347,134,0.03172836825251579,0.08861215692013502,0.06886662263423204,2,0.014130180184694646,0.035981793307352336,134,0.0011109730694442987,-0.0022909928229637444,0.00283328554360196,2,-0.0003241174166923069,0.002150122798204466,134,0.0029853330925107002,-0.000676831929013133,0.0027042024303227663,2,-0.0013278414714219633,0.0031929305055479825,134
pos41_F,0.0,,,0,,,0,0.0,,,0,,,0,0.0,,,0,,,0,0.0,,,0,,,0
pos41_Y,0.0,,,0,,,0,0.0,,,0,,,0,0.0,,,0,,,0,0.0,,,0,,,0
pos42_R,0.0,,,0,,,0,0.0,,,0,,,0,0.0,,,0,,,0,0.0,,,0,,,0
pos42_G,0.0,,,0,,,0,0.0,,,0,,,0,0.0,,,0,,,0,0.0,,,0,,,0
pos42_K,0.0,,,0,,,0,0.0,,,0,,,0,0.0,,,0,,,0,0.0,,,0,,,0
pos43_N,0.0002530135679990053,-0.00019643051200546324,0.0,1,-0.00025343266073226306,0.00010425217554825393,135,0.0,,,0,,,0,0.0,,,0,,,0,0.0,,,0,,,0
pos43_D,0.0,,,0,,,0,0.0,,,0,,,0,0.0,,,0,,,0,0.0,,,0,,,0
pos44_L,0.0,,,0,,,0,0.014207659289240837,,,0,0.014207658351926297,0.0035653720951892218,136,0.0,,,0,,,0,0.021259399130940437,,,0,-0.021259396562955397,0.0050166704614896095,136
pos44_S,0.0,,,0,,,0,0.0002790490398183465,0.00025371930376121937,0.0004192376090838066,133,0.0004448528488865122,0.0005048901889254425,3,0.0,,,0,,,0,0.0,,,0,,,0
pos44_T,0.0,,,0,,,0,0.0,,,0,,,0,0.0,,,0,,,0,0.0,,,0,,,0
pos45_I,0.0,,,0,,,0,0.0,,,0,,,0,0.0,,,0,,,0,0.0,,,0,,,0
pos45_L,0.0,,,0,,,0,0.0,,,0,,,0,0.0,,,0,,,0,0.0,,,0,,,0
pos46_G,0.0,,,0,,,0,0.0,,,0,,,0,0.0,,,0,,,0,0.0,,,0,,,0
pos46_S,0.0,,,0,,,0,0.0,,,0,,,0,0.0,,,0,,,0,0.0,,,0,,,0
pos47_D,0.00010359750012867153,-9.400535054737702e-05,0.0,1,-0.00010366852449671434,2.306719133348954e-05,135,0.0,,,0,,,0,0.0,,,0,,,0,0.0,,,0,,,0
pos47_E,0.00010382112668594345,-0.00010400349554536795,2.7907837874118772e-05,135,-7.919729250716045e-05,0.0,1,4.798135705641471e-05,4.741427098822358e-05,6.995828666415378e-05,135,8.98663274710998e-05,0.0,1,0.0,,,0,,,0,0.0,,,0,,,0
pos47_G,0.0,,,0,,,0,0.0,,,0,,,0,0.0,,,0,,,0,0.0,,,0,,,0
pos47_K,0.0,,,0,,,0,0.0,,,0,,,0,0.0,,,0,,,0,0.0,,,0,,,0
pos48_A,0.02236153744161129,0.02371322490557759,0.013721908171530232,96,0.016660751472227276,0.0149676670436468,40,0.012948505580425262,0.008174736104668531,0.013208877599995403,96,0.011044025242154022,0.014926051890747066,40,0.05606866627931595,-0.05408766387214806,0.028859632682311367,96,-0.05960840592160821,0.029441155525820908,40,0.05429409444332123,-0.026426156529547978,0.05832529349501033,96,-0.05692404123074084,0.05480229775843237,40
pos48_N,0.0,,,0,,,0,0.0012477413984015584,,,0,0.00015520681635654697,0.0022480960611671492,136,0.0,,,0,,,0,0.0,,,0,,,0
pos48_E,0.0,,,0,,,0,0.0,,,0,,,0,0.0,,,0,,,0,0.0,,,0,,,0
pos48_P,0.0,,,0,,,0,0.0,,,0,,,0,0.0,,,0,,,0,0.0,,,0,,,0
pos48_S,0.007609577849507332,,,0,-0.0007547833451205995,0.009841682263608261,136,0.0074454667046666145,,,0,0.006679389340152899,0.00451347854002415,136,0.0014157331315800548,,,0,8.173046316027038e-05,0.003219583879433366,136,0.007005613297224045,,,0,-0.005688647863280494,0.0048872172601550625,136
pos48_T,0.01968754082918167,0.019766971404169453,0.01773420281171749,40,0.015056770132048314,0.01782862567827996,96,0.027432287111878395,0.020511280899518168,0.02027652733483082,40,0.028121086737352623,0.01758518667183937,96,0.20236171782016754,-0.16422852659597992,0.07506062651444513,40,-0.2180218881306549,0.0691420740550128,96,0.026984132826328278,-0.040670063861762175,0.022986206955553985,40,-0.013422351173479305,0.022288299537156473,96
pos48_Y,0.0,,,0,,,0,0.0,,,0,,,0,0.0,,,0,,,0,0.0,,,0,,,0
pos48_V,0.0,,,0,,,0,0.0,,,0,,,0,0.0,,,0,,,0,0.0,,,0,,,0
pos49_A,0.0,,,0,,,0,0.0,,,0,,,0,0.0,,,0,,,0,0.0,,,0,,,0
pos49_I,0.008683109655976295,0.023852862417697906,0.0,1,0.007915479850554321,0.014089303904034036,135,0.002295136684551835,0.010488287545740604,0.0,1,0.0016836454125344366,0.002807291276058374,135,0.028018057346343994,-0.022490359842777252,0.0,1,-0.028059003255502493,0.0076826481091648155,135,0.002711402950808406,0.004247664473950863,0.0,1,-0.0020235533847611535,0.002873667473315355,135
pos49_L,0.047470659017562866,-0.04857587524095614,0.027134443410277993,58,-0.04489784464926626,0.029294073092294676,78,0.08993322402238846,0.10199767677514845,0.045139751833283455,58,0.08021340864256789,0.048055084506956114,78,0.044753529131412506,-0.0500633216358657,0.023285337833760734,58,-0.04052260266885591,0.02212834410794625,78,0.008173166774213314,-0.0027298144905843996,0.009561409881680414,58,-0.0036131996616742793,0.00899795096099403,78
pos49_K,0.0,,,0,,,0,0.0,,,0,,,0,0.0,,,0,,,0,0.0,,,0,,,0
pos49_V,0.06513343751430511,-0.057908803950269504,0.034937067225915726,77,-0.07343277759786884,0.03310342642694061,59,0.13832978904247284,0.13228769436502805,0.07421335955953733,77,0.14440425635331264,0.06694944485443131,59,0.13821160793304443,-0.13755472541435973,0.05140049870013018,77,-0.13906905711707424,0.048536119892882916,59,0.01900554448366165,-0.01952084264213498,0.012426718407595913,77,-0.016083785569516278,0.011677775156122044,59
pos50_I,0.0,,,0,,,0,0.0,,,0,,,0,0.0,,,0,,,0,0.0,,,0,,,0
pos50_L,0.0001391874102409929,-0.0004524152318481356,0.0,1,0.0001165029410778381,0.00018128523745125774,135,0.03171166777610779,0.008959600701928139,0.0,1,0.031723879151805134,0.008308960658122052,135,0.0,,,0,,,0,0.0534789077937603,-0.0074593485333025455,0.0,1,-0.053697522967639896,0.011595130789663214,135
pos50_M,7.913775334600359e-05,5.878656967844883e-05,2.1256461970145204e-05,135,-0.0028265591245144606,0.0,1,0.0037646268028765917,0.0030996480342259424,0.002535947209498722,135,-0.0006241913652047515,0.0,1,0.0,,,0,,,0,0.0030812453478574753,-0.0024575256056980125,0.002535210785383302,135,-0.002166933845728636,0.0,1
pos51_R,5.2591545681934804e-05,5.242614884250711e-05,2.368401436567835e-05,135,7.49221071600914e-05,0.0,1,0.021286897361278534,0.021290323821206887,0.004654467568686732,135,0.020824838429689407,0.0,1,0.0,,,0,,,0,0.03178726136684418,-0.031760314976175624,0.007878043540991142,135,-0.03542439639568329,0.0,1
pos51_K,0.0,,,0,,,0,0.0007429657853208482,,,0,0.0007429658773403122,0.0004108544115440179,136,0.0,,,0,,,0,0.001832268200814724,,,0,-0.0018322685928604402,0.00038795139783663054,136
pos51_S,0.0,,,0,,,0,0.0,,,0,,,0,0.0,,,0,,,0,0.0,,,0,,,0
pos52_A,0.0,,,0,,,0,0.0,,,0,,,0,0.0,,,0,,,0,0.0,,,0,,,0
pos52_R,0.0,,,0,,,0,0.0,,,0,,,0,0.005893440917134285,,,0,-0.005893442053895663,0.0013186692912593178,136,0.0,,,0,,,0
pos52_N,0.0,,,0,,,0,0.0,,,0,,,0,0.0,,,0,,,0,0.0,,,0,,,0
pos52_I,0.0,,,0,,,0,0.0,,,0,,,0,0.0,,,0,,,0,0.0,,,0,,,0
pos52_L,0.002370122354477644,-0.0023123412393033504,0.00035834359005093575,2,-0.00121221974241867,0.0025840579518510284,134,6.163620128063485e-05,6.758431845810264e-05,4.0611543226987123e-05,2,6.154743344390525e-05,0.00014219617128357844,134,0.003498038277029991,0.006342480657622218,0.00023741391487419605,2,-0.0016135205740609498,0.00447063797446832,134,0.0,,,0,,,0
pos52_K,0.0,,,0,,,0,0.0,,,0,,,0,0.0,,,0,,,0,0.0,,,0,,,0
pos52_M,0.10015184432268143,-0.09572352968259817,0.04336358156752468,72,-0.10485809022793546,0.03808089403779831,64,0.06485480070114136,0.06236365199826347,0.029490831008637215,72,0.06738090405997355,0.029155436052469005,64,0.037081748247146606,-0.035431178606813774,0.023637554708114628,72,-0.03714119326832588,0.02095587600707772,64,0.026924243196845055,-0.023469402456410333,0.012507924820003277,72,-0.030402010612306185,0.010107278355340123,64
pos52_T,0.020549673587083817,-0.020172340804680878,0.014989651839762457,58,-0.019170352736882005,0.01434076934624921,78,0.017472509294748306,0.010908474904587412,0.02013570516980069,58,0.00998756596340965,0.019819700043905954,78,0.14391601085662842,-0.16370881053394284,0.05441763457104567,58,-0.12919840792146248,0.05620596942102495,78,0.03413456305861473,0.025753110031003196,0.03404936327213985,58,0.023216410172888294,0.036422541164503205,78
pos52_V,0.0008805850520730019,0.0009896972042042762,0.00022764454479329288,2,0.0008109984037626201,0.0004725856659387298,134,0.00018928201461676508,0.00020729410607600585,0.0003664047908387147,2,8.253132294958592e-05,0.000255532789309317,134,0.006102229002863169,-0.006476770620793104,0.00043373601511120796,2,-0.005721514438167771,0.0024901235999901777,134,0.0,,,0,,,0
pos53_A,0.0,,,0,,,0,0.0,,,0,,,0,0.0,,,0,,,0,0.0,,,0,,,0
pos53_R,0.0,,,0,,,0,0.0,,,0,,,0,0.0,,,0,,,0,0.0,,,0,,,0
pos53_G,0.0,,,0,,,0,0.0,,,0,,,0,0.0,,,0,,,0,0.0,,,0,,,0
pos54_N,0.0,,,0,,,0,0.0,,,0,,,0,0.0,,,0,,,0,0.0,,,0,,,0
pos54_D,0.0,,,0,,,0,0.0,,,0,,,0,0.0,,,0,,,0,0.0,,,0,,,0
pos54_T,0.0,,,0,,,0,0.0,,,0,,,0,0.0,,,0,,,0,0.0,,,0,,,0
pos55_I,0.0,,,0,,,0,0.0,,,0,,,0,0.0,,,0,,,0,0.0,,,0,,,0
pos55_L,0.0,,,0,,,0,0.0,,,0,,,0,0.0,,,0,,,0,0.0,,,0,,,0
pos55_F,0.0,,,0,,,0,0.0,,,0,,,0,0.0,,,0,,,0,0.0,,,0,,,0
pos56_H,0.0,,,0,,,0,0.0,,,0,,,0,0.0,,,0,,,0,0.0,,,0,,,0
pos56_Y,0.0,,,0,,,0,0.0,,,0,,,0,0.0,,,0,,,0,0.0,,,0,,,0
pos57_A,0.0,,,0,,,0,0.0,,,0,,,0,0.0,,,0,,,0,0.0,,,0,,,0
pos57_H,0.00017644782201386988,,,0,1.9748383746285553e-05,0.00048082577268624836,136,0.001725748530589044,,,0,-8.186830467927982e-05,0.00260578616889604,136,0.00013868963287677616,,,0,-5.729787219078229e-05,0.0003549493532289021,136,0.0,,,0,,,0
pos57_L,0.01800602115690708,0.021407457866839,0.016140089508053984,14,0.016923351716033094,0.013516624458482921,122,0.0062684412114322186,0.009714190981217794,0.007051388958734928,14,0.0053084888369666575,0.004778208462135102,122,0.1268964409828186,-0.1101907023361751,0.027980693631651486,14,-0.1288134900883573,0.029220480524785597,122,0.06274969130754471,-0.06532444352550167,0.02239496838454743,14,-0.06222973278695985,0.02028113008245645,122
pos57_F,0.0008354356396012008,-0.00031767477630637584,0.001784785812641916,5,0.0002973972635097288,0.0012824723349976286,131,0.0074605755507946014,0.013407152891159058,0.006035226214879227,5,0.006519411239757039,0.007596152740267507,131,0.0,,,0,,,0,0.006933900061994791,0.005588352656923234,0.002492191811341719,5,-0.0051694007958432145,0.005954650146136452,131
pos57_S,0.08189745247364044,0.10040960100983891,0.04612077082817415,48,0.06772334365285299,0.04952947283726439,88,0.014906160533428192,-0.0009730475479348873,0.01674536139928202,48,0.0013289323625775235,0.018756915633018914,88,0.06525976955890656,-0.06630644859978929,0.030024373018459245,48,-0.064456717021213,0.0301732729064229,88,0.05239468067884445,-0.04767126161217069,0.021543341969639113,48,-0.0545896676750007,0.026981800255087004,88
pos57_T,0.0,,,0,,,0,0.0,,,0,,,0,0.0,,,0,,,0,0.0,,,0,,,0
pos57_Y,0.00968487374484539,-0.004142832039061726,0.011512231690066283,68,-0.0054895509736739125,0.010743610367732474,68,0.02615276724100113,0.02283766889526947,0.014665252304545634,68,0.02860219289740438,0.010833433774782485,68,0.003969179466366768,0.0015420708943084344,0.005209089553941625,68,0.0022457434452007874,0.003789319291198081,68,0.04775581881403923,-0.03796018171723357,0.0177327713719059,68,-0.05746949285350959,0.02100074993871892,68
pos58_I,0.0,,,0,,,0,0.0,,,0,,,0,0.0,,,0,,,0,0.0,,,0,,,0
pos58_L,4.913086740998551e-05,2.599544119153439e-05,0.00010166782979916451,135,7.21543692634441e-05,0.0,1,0.02567327581346035,0.025186596958816088,0.010516867673629889,135,-0.020100543275475502,0.0,1,0.0,,,0,,,0,0.027107171714305878,-0.02625744895733617,0.010679170087906554,135,0.0164916031062603,0.0,1
pos58_F,0.0,,,0,,,0,0.012614835053682327,0.00544580677524209,0.0,1,0.011666194929016962,0.006556137090353559,135,0.0,,,0,,,0,0.016334019601345062,-0.003336357418447733,0.0,1,-0.015665782441350598,0.00680279056238996,135
pos59_Q,0.0,,,0,,,0,0.0,,,0,,,0,0.0,,,0,,,0,0.0,,,0,,,0
pos59_L,0.0,,,0,,,0,0.0,,,0,,,0,0.0,,,0,,,0,0.0,,,0,,,0
pos60_R,7.581802492495626e-05,0.00011791925498982891,0.0,1,7.55061196455413e-05,3.678579603876891e-05,135,0.00025410071248188615,0.00014968114555813372,0.0,1,0.0002548742714915769,0.00027235038372711647,135,0.009172032587230206,-0.011653448455035686,0.0,1,-0.009153649904247788,0.0016367191675099064,135,0.0,,,0,,,0
pos60_N,0.03404689580202103,0.028224832761272984,0.0326354390750764,76,0.00993485008366406,0.03765543270651502,60,0.09486737847328186,0.09354324295724693,0.038421412094039785,76,0.09601307790726424,0.03702401815320982,60,0.06431936472654343,-0.06028317504464403,0.034108429678556304,76,-0.06793373418816676,0.03456609995464654,60,0.16172659397125244,-0.15322219325523628,0.03111845986345416,76,-0.1724987331777811,0.03323381981083117,60
pos60_D,0.008380577899515629,0.007785786088788882,0.00653768093402457,6,0.0023705159776052542,0.010571955037329044,130,0.013852711766958237,0.007123294926714152,0.009256335674345298,6,0.010540116362972186,0.011425244533220734,130,0.0,,,0,,,0,0.00859731063246727,-0.009521967032924294,0.011228587837328446,6,-0.007024700036764933,0.010063112700964215,130
pos60_C,4.6602992370026186e-05,,,0,4.6602940970200615e-05,5.231848234470185e-05,136,6.853602826595306e-05,,,0,6.853601120623994e-05,7.49144753121146e-05,136,0.0011346720857545733,,,0,-0.001134672157230157,0.0006081686576455694,136,0.0,,,0,,,0
pos60_H,0.010796540416777134,0.026439158944413066,0.01940723625011742,2,-0.005493791882864612,0.010404114159495078,134,0.0014496783260256052,-0.0007426184311043471,0.000389774126233533,2,0.0011253231056540624,0.0012513978886952348,134,0.0006612735451199114,0.0002798967689159326,7.371913670795038e-05,2,-0.00014840252892941292,0.001378904711244636,134,0.0011098535032942891,5.8542354963719845e-06,0.0003768861060962081,2,-0.0009790175767492072,0.0016478283722418366,134
pos60_I,0.0,,,0,,,0,0.0,,,0,,,0,0.0,,,0,,,0,0.0,,,0,,,0
pos60_S,0.016023512929677963,0.009164080564754413,0.01641082934811849,51,0.008792852150851531,0.018502018932525902,85,0.06806015968322754,0.08159119518948536,0.057752634974354816,51,0.048969574053497875,0.048744587708469025,85,0.027863333001732826,-0.01910637898881938,0.028818750952673132,51,-0.021008864821359406,0.02633002142479183,85,0.12193430215120316,-0.1281806259763007,0.0431885464022035,51,-0.11818650313379134,0.04357525985157606,85
pos60_T,0.0,,,0,,,0,0.010948683135211468,,,0,0.010941030904873247,0.002698596398757437,136,7.665219891350716e-05,,,0,5.760961876683937e-05,0.00011954291294337701,136,0.025658078491687775,,,0,-0.02552795282099396,0.0047129105584777465,136
pos61_R,0.0,,,0,,,0,0.0,,,0,,,0,0.0,,,0,,,0,0.0,,,0,,,0
pos61_T,0.0,,,0,,,0,0.0,,,0,,,0,0.0,,,0,,,0,0.0,,,0,,,0
pos62_N,0.0,,,0,,,0,5.1886934670619667e-05,5.188696008965909e-05,4.970143651472105e-05,136,,,0,0.0002115344104822725,-0.00021153449945225422,0.00010464624612980638,136,,,0,0.0,,,0,,,0
pos62_T,0.0,,,0,,,0,0.0,,,0,,,0,0.0,,,0,,,0,0.0,,,0,,,0
pos63_R,0.0,,,0,,,0,0.0,,,0,,,0,0.0,,,0,,,0,0.0,,,0,,,0
pos63_D,0.0,,,0,,,0,0.0,,,0,,,0,0.0,,,0,,,0,0.0,,,0,,,0
pos63_E,0.029631443321704865,0.021316192645922695,0.01460339021322003,57,0.03497748568807316,0.015665778626852398,79,0.007242758758366108,0.004005074963635324,0.005226767365490455,57,0.008524937647663034,0.005686977032312512,79,0.07454514503479004,-0.06917982873621217,0.033394537854193794,57,-0.07773358678987509,0.0344882902744915,79,0.015176111832261086,-0.015430777904520366,0.008680710428823603,57,-0.014475264968173696,0.010894914342861649,79
pos63_G,0.012643903493881226,0.012192100891032951,0.01166753909710853,79,0.008733041220949147,0.00951084320841013,57,0.01290980912744999,0.013036931072666805,0.007954941171503239,79,0.012164812048962503,0.007726937868617711,57,0.043672654777765274,-0.04938253942623593,0.018905790536073552,79,-0.03496464974197902,0.020015246368657303,57,0.018627095967531204,-0.016232913555621606,0.012157208199873676,79,-0.020235509766886633,0.013341654137912608,57
pos63_K,3.0240156775107607e-05,,,0,-3.029393676670492e-06,5.313726578517059e-05,136,1.7347554603475146e-05,,,0,1.6858645929406682e-05,3.693409644586288e-05,136,0.002073562005534768,,,0,-0.002062271943620598,0.0008217077736508556,136,0.0,,,0,,,0
pos63_V,0.0,,,0,,,0,0.0006978907622396946,,,0,0.0006978907840675674,0.00018199867919184125,136,0.0,,,0,,,0,0.002162341261282563,,,0,-0.002162340615006328,0.0002840898912173443,136
pos64_R,0.013711320236325264,0.0028474123682826757,0.013767801546677354,5,-0.0093409652650207,0.01189478384415071,131,0.030065011233091354,0.039878439903259275,0.02194523265484578,5,0.02934828840101934,0.011783751985496511,131,0.0032460191287100315,-0.0017696321941912175,0.002683043771692961,5,-0.00011297924092945017,0.004469102109457167,131,0.06501956284046173,-0.07508424669504166,0.010654733933194804,5,-0.06294212462682675,0.02698161766888669,131
pos64_N,0.0,,,0,,,0,0.0,,,0,,,0,0.0,,,0,,,0,0.0,,,0,,,0
pos64_K,0.0016196310753002763,-8.572422969871501e-05,0.002581457047777739,131,0.0009066550497664139,0.0010275148330407895,5,0.008411414921283722,0.003509361851531195,0.010988013847235242,131,0.040925697237253186,0.008018884183745497,5,0.000770311860833317,0.00020481822083576206,0.001036973999412517,131,0.0005190694413613528,0.00018692703162115029,5,0.006306658033281565,0.00049979931684673,0.009042697363011085,131,0.004102784208953381,0.0016088033439799762,5
pos65_G,0.0,,,0,,,0,0.0,,,0,,,0,0.0,,,0,,,0,0.0,,,0,,,0
pos65_W,0.0,,,0,,,0,0.0,,,0,,,0,0.0,,,0,,,0,0.0,,,0,,,0
pos67_A,0.0,,,0,,,0,0.0,,,0,,,0,0.0014174235984683037,,,0,-0.0014174237204475932,0.0005519956268328356,136,0.0,,,0,,,0
pos67_D,0.0,,,0,,,0,0.0,,,0,,,0,0.0,,,0,,,0,0.0,,,0,,,0
pos67_E,0.0012649709824472666,-0.0006198256568664133,0.0018229805234018731,135,-0.0007496854523196816,0.0,1,0.007520772982388735,0.007468245456133176,0.0025504781232608678,135,0.005466613452881575,0.0,1,0.023285793140530586,-0.0225275250358714,0.008415175181225544,135,0.030807340517640114,0.0,1,0.0006017540581524372,0.0005881088210487549,0.00038408551317685967,135,0.0005172411329112947,0.0,1
pos67_K,0.0,,,0,,,0,0.0008001605747267604,0.0009033301030285656,0.0,1,0.0007692483538347814,0.0004680940112165976,135,0.006798652466386557,0.009788675233721733,0.0,1,-0.006127811209471138,0.0032442710710855333,135,0.0,,,0,,,0
pos68_Q,0.0,,,0,,,0,0.0,,,0,,,0,0.0,,,0,,,0,0.0,,,0,,,0
pos68_K,0.0,,,0,,,0,0.0,,,0,,,0,0.0,,,0,,,0,0.0,,,0,,,0
pos70_G,0.0043247458525002,0.0030495570065207124,0.0039474874187434795,136,,,0,0.002385704778134823,0.0019613819112210503,0.0029165790730065464,136,,,0,5.637824870063923e-05,1.62952607136985e-05,0.0002374954106096377,136,,,0,0.009183153510093689,-0.009183151994982515,0.0028101593429372845,136,,,0
pos70_S,0.0001579291420057416,,,0,-5.850586816958479e-05,0.00040063623193434,136,7.624604768352583e-05,,,0,5.6483990901517035e-06,0.000196282489182037,136,0.0,,,0,,,0,0.0006500721210613847,,,0,-0.0006500723798928768,0.0004759908721534108,136
pos71_R,0.0,,,0,,,0,0.0,,,0,,,0,0.0,,,0,,,0,0.0,,,0,,,0
pos71_Q,0.004216711036860943,-0.0017058058844274604,0.006889683365638152,134,-0.0033168860245496035,0.00019165989942848682,2,0.0,,,0,,,0,3.0227634852053598e-05,3.020423930219797e-05,1.2808569782955799e-05,134,3.1795977520232555e-05,1.027511552820215e-05,2,0.0018421662971377373,0.0011790769119093666,0.002050684478132695,134,0.0014929304015822709,2.557731932029128e-05,2
pos71_H,0.0,,,0,,,0,0.0,,,0,,,0,0.0,,,0,,,0,0.0,,,0,,,0
pos71_L,0.00021054119861219078,-0.00016863605560502037,2.1231935534160584e-05,2,-0.00014527374824227542,0.0003962833885056173,134,0.0,,,0,,,0,0.0,,,0,,,0,0.0,,,0,,,0
pos71_K,0.0,,,0,,,0,0.0,,,0,,,0,0.0,,,0,,,0,0.0,,,0,,,0
pos72_R,0.0001806218206183985,7.435645966324955e-05,0.0,1,0.00016437803806857793,0.0002186468032904096,135,9.990960825234652e-05,0.00026975368382409215,0.0,1,9.839725027160495e-05,0.00020966660731458158,135,0.000851532444357872,-0.0013663014397025108,0.0,1,-0.0008477193760444169,0.00033589532949801455,135,0.0,,,0,,,0
pos72_I,0.0,,,0,,,0,0.0,,,0,,,0,0.0,,,0,,,0,0.0,,,0,,,0
pos72_K,0.0,,,0,,,0,0.0,,,0,,,0,0.0,,,0,,,0,0.0,,,0,,,0
pos74_D,0.0,,,0,,,0,0.0,,,0,,,0,0.00011015152995241806,-0.00014430198643822223,0.0,1,-0.0001098986281754656,4.885582356316517e-05,135,0.0,,,0,,,0
pos74_E,0.0,,,0,,,0,0.0,,,0,,,0,0.0,,,0,,,0,0.0,,,0,,,0
pos74_G,0.0,,,0,,,0,0.0,,,0,,,0,0.0,,,0,,,0,0.0,,,0,,,0
pos76_I,0.001433096593245864,0.0007193739377391083,0.001691094725904661,133,0.0007791375780167679,0.0003461732160402347,3,0.005108121782541275,0.004867158513319791,0.005804530544720434,133,0.015563929763933023,0.009884989603375015,3,0.00041332602268084884,-0.0003672986948694778,0.000524144146957956,133,-0.0005612240638583899,0.0003402198303018132,3,0.013007749803364277,-0.012992501085102418,0.004187333252099228,133,-0.013683877885341644,0.0032949824444327407,3
pos76_L,0.0,,,0,,,0,0.0,,,0,,,0,0.0,,,0,,,0,0.0,,,0,,,0
pos76_M,0.0,,,0,,,0,0.0023362815845757723,0.0025554154999554157,0.0,1,0.0023270549356109566,0.0005171297553646932,135,0.0008741314522922039,0.0027162868063896894,0.0,1,-0.0008266332772715638,0.00035472504934000356,135,0.017500843852758408,-0.014834573492407799,0.0,1,-0.017196356146423904,0.00443951047980351,135
pos76_T,0.0,,,0,,,0,0.0,,,0,,,0,0.0,,,0,,,0,0.0,,,0,,,0
pos76_V,0.0,,,0,,,0,0.0011433264007791877,0.004427171195857227,0.0006480199517682195,2,-0.0003644868548188025,0.0017204082991886327,134,4.592156983562745e-05,3.969110548496246e-05,0.0,2,1.0555915630549808e-05,0.00020722269237270712,134,0.0,,,0,,,0
pos77_R,0.0,,,0,,,0,0.0,,,0,,,0,0.0,,,0,,,0,0.0,,,0,,,0
pos77_K,0.0,,,0,,,0,0.0,,,0,,,0,0.0,,,0,,,0,0.0,,,0,,,0
pos79_L,0.0,,,0,,,0,0.0,,,0,,,0,0.0,,,0,,,0,0.0,,,0,,,0
pos79_M,0.0,,,0,,,0,0.0,,,0,,,0,0.0,,,0,,,0,0.0,,,0,,,0
pos80_I,0.0,,,0,,,0,0.0,,,0,,,0,0.0,,,0,,,0,0.0,,,0,,,0
pos80_T,0.0,,,0,,,0,0.0,,,0,,,0,0.0,,,0,,,0,0.0,,,0,,,0
pos81_D,0.004606540314853191,0.001337656402029097,0.0,1,0.004264942224620393,0.0024097358476036575,135,0.0002721254131756723,0.0012500958982855082,0.0,1,0.0002648811421952107,0.0006369959092447603,135,0.0083402618765831,-0.007475641556084156,0.0,1,-0.008236231948076576,0.0026975248597086443,135,0.0,,,0,,,0
pos81_E,0.007831653580069542,0.006165948915629458,0.005897652201963482,135,-0.0014249563682824373,0.0,1,0.000641815597191453,0.0004141304139651496,0.0008706735260784571,135,0.0004894965095445514,0.0,1,0.0123134208843112,-0.010553466977068672,0.00801893254888373,135,0.0018811195623129606,0.0,1,0.0018603794742375612,0.0013547251994842319,0.001596033210689734,135,-0.004622412379831076,0.0,1
pos81_G,1.7852835298981518e-05,,,0,1.7852839448551094e-05,2.0836597501896926e-05,136,0.0007957435445860028,,,0,0.0007842792819086325,0.00028807840946318004,136,0.026270493865013123,,,0,-0.025958191476734904,0.0059166264535440004,136,1.902626536320895e-05,,,0,1.902626715879224e-05,2.594038402348585e-05,136
pos82_D,0.0,,,0,,,0,0.0,,,0,,,0,0.0,,,0,,,0,0.0,,,0,,,0
pos82_E,0.0,,,0,,,0,0.0,,,0,,,0,0.0,,,0,,,0,0.0,,,0,,,0
pos82_K,0.0,,,0,,,0,0.0,,,0,,,0,0.0,,,0,,,0,0.0,,,0,,,0
pos83_I,0.01711607538163662,0.010393131646560505,0.014808482363546815,10,-0.009364147713010121,0.018909044598600766,126,0.09853024780750275,0.06041269041597843,0.03996303194468612,10,0.0993051947295917,0.044021523538706815,126,0.006646755617111921,-0.006222141171019757,0.004202055318358433,10,-0.0059272358594459965,0.004948624192546531,126,0.0752452164888382,-0.06779882181435823,0.024247918386015276,10,-0.07583622719597308,0.021717810083509564,126
pos83_L,0.0,,,0,,,0,0.0,,,0,,,0,0.0,,,0,,,0,0.0,,,0,,,0
pos83_M,0.028496868908405304,-0.008497279179705814,0.03030352634685336,11,-0.020461813594505655,0.026581715807804548,125,0.020330138504505157,0.02662801399657672,0.023293444176772767,11,0.01399384659100906,0.022157365407625876,125,0.02181003987789154,-0.02413808008317243,0.011349156462662371,11,-0.021464833862613886,0.013064830650589788,125,0.043307751417160034,-0.06679094004952772,0.05424192140538658,11,-0.036888652429915965,0.039212346316426394,125
pos83_T,0.0,,,0,,,0,0.0,,,0,,,0,9.30649766814895e-05,-0.0001287905324716121,0.0,1,-9.280030033012197e-05,4.388215982047205e-05,135,0.0,,,0,,,0
pos83_V,0.0206634309142828,-0.01720546066134008,0.01878411664965732,114,-0.00612122333537131,0.01613948875699593,22,0.06364763528108597,0.06287677908773746,0.027020839465974278,114,0.06169435974549164,0.025560584833024022,22,0.022133484482765198,-0.022805358691696535,0.01092397527126536,114,-0.018487218365242534,0.008888665993877859,22,0.10417897254228592,-0.10177239185820024,0.050304359490568884,114,-0.11664977026256648,0.04554691957976902,22
pos85_R,0.0,,,0,,,0,0.0,,,0,,,0,0.0,,,0,,,0,0.0,,,0,,,0
pos85_N,0.0005154468817636371,,,0,0.0004952322134854245,0.0003469214927707713,136,0.00019435808644630015,,,0,0.00019435823886691222,0.0004522203439345983,136,0.0017042435938492417,,,0,-0.0017042434374696528,0.0005643869852340368,136,0.0,,,0,,,0
pos85_Q,0.005088584031909704,0.021466096863150597,0.0,1,1.6348672646994666e-05,0.00769355091009048,135,0.0013275640085339546,0.0012511411914601922,0.0,1,0.0011387414960558494,0.0008948655135192685,135,0.0054510473273694515,0.0050737797282636166,0.0,1,-0.00497702090860912,0.002876871694505069,135,0.003402978414669633,-0.00585905322805047,0.0,1,-0.0033847849264189048,0.0013255560591954381,135
pos85_H,0.01702612265944481,0.012788553726083288,0.01338308196877914,135,-0.02234910987317562,0.0,1,0.0032028367277234793,0.0025787792358534668,0.006183700050356371,135,0.01291140727698803,0.0,1,0.01589064858853817,-0.01469974070076003,0.008723438750407389,135,0.010252105072140694,0.0,1,0.0005796971963718534,0.0001145801471095722,0.001042272831753772,135,0.0001532859168946743,0.0,1
pos85_L,0.0,,,0,,,0,0.0,,,0,,,0,0.0,,,0,,,0,0.0,,,0,,,0
pos85_Y,0.0022503752261400223,,,0,0.002221387595267622,0.0008265596085331836,136,1.2788263120455667e-05,,,0,1.278825312938887e-05,1.8881983941377893e-05,136,0.00467527424916625,,,0,-0.004658720290508962,0.0011668060702346053,136,0.0,,,0,,,0
pos86_R,0.031044388189911842,0.027883426042597234,0.025823550098079733,118,0.01579995351170914,0.015320350744988937,18,0.05594823509454727,0.05799934653154874,0.02104813825820779,118,0.03850448910250432,0.02166364627447387,18,0.03513863682746887,-0.03150217540727897,0.025775742097827875,118,-0.026292535424646404,0.01917528599079678,18,0.1271105855703354,-0.13026772928818808,0.036697248538242515,118,-0.10641352418396208,0.03016807804464241,18
pos86_K,0.003764564171433449,0.00355013725735868,0.0028804918116362888,18,0.0032454470868334144,0.003333242241817416,118,0.0020818840712308884,0.0017461443203501403,0.002722820790658341,18,0.001369388210705592,0.001891273378841962,118,0.0029126466251909733,-0.000793187525737772,0.003409658444651359,18,0.0012765227508942313,0.003646402713372978,118,0.006937901023775339,-0.006964997116786738,0.0033068836061000643,18,-0.006007047609442853,0.004631510381004582,118
pos87_I,0.0,,,0,,,0,0.0,,,0,,,0,0.0,,,0,,,0,0.0,,,0,,,0
pos87_L,0.0,,,0,,,0,0.0,,,0,,,0,0.0,,,0,,,0,0.0,,,0,,,0
pos87_M,0.0,,,0,,,0,0.0,,,0,,,0,0.0,,,0,,,0,0.0,,,0,,,0
pos88_R,0.03458989039063454,0.024098024572595023,0.020205595944340387,16,0.03589321931164401,0.023840500266673302,120,0.03251003846526146,0.044397776713594794,0.023511168062157386,16,0.029154303604567153,0.03209640009878651,120,0.07461218535900116,-0.04308873595437035,0.03765959251766407,16,-0.07775051032270615,0.030668753450507468,120,0.03472891077399254,-0.05885485566977877,0.038405214343752395,16,-0.026145483082412588,0.033737929368773095,120
pos88_Q,0.0,,,0,,,0,0.0,,,0,,,0,0.0,,,0,,,0,0.0,,,0,,,0
pos88_I,0.0,,,0,,,0,0.0,,,0,,,0,0.0,,,0,,,0,0.0,,,0,,,0
pos88_K,0.012925700284540653,0.008331716786100667,0.016279116554562857,120,0.007137335290110514,0.010349966108771171,16,0.034424785524606705,0.023553591440819824,0.035576514905171684,120,0.03640276924124919,0.03524491513233155,16,0.020140651613473892,-0.006371518333132068,0.02295962739159405,120,-0.01800679541338468,0.028045011668592974,16,0.03405022248625755,-0.019810687682668988,0.03546827723066914,120,-0.049709568011166994,0.04432572249889567,16
pos89_A,0.023892059922218323,0.010951597915946281,0.038174663335006805,29,0.0022349236897523644,0.02769919565477991,107,0.0357913039624691,0.03922947354068787,0.023548847330911955,29,0.033008734908860145,0.024388923045163446,107,0.06935697793960571,-0.06515521646461225,0.027796698880392965,29,-0.07019893353735314,0.028495414344557084,107,0.12555095553398132,-0.15087243470620235,0.08271588704038117,29,-0.11634033850707531,0.08025226218694134,107
pos89_E,0.011702424846589565,,,0,0.010951551810756107,0.005781682001082052,136,5.638111906591803e-05,,,0,3.8239523178162926e-05,0.00012249588299680696,136,0.027601419016718864,,,0,-0.027526259614901124,0.005626226168688973,136,0.0,,,0,,,0
pos89_I,0.023340601474046707,-0.02727002450202625,0.015353874569922018,56,-0.016382477877778003,0.02047330176728475,80,0.1423850804567337,0.15728251749117458,0.05891216991954449,56,0.13076121781487018,0.06334549086039484,80,0.202530175447464,-0.2332676559952753,0.06541685479820351,56,-0.18011354578193278,0.08148667992247756,80,0.06256227940320969,-0.06270360314686384,0.02826355072324423,56,-0.06180029795505106,0.028048218692410688,80
pos89_L,0.003991739358752966,0.002933311647817997,0.005054442623036151,12,0.003068716269603277,0.004613082993603617,124,0.017556989565491676,0.024138744416025777,0.020902721890753293,12,0.01550794629022881,0.01609987421546983,124,0.0,,,0,,,0,0.02010497637093067,-0.01870364658437514,0.0190600295349103,12,-0.01710653909920497,0.02083216740731986,124
pos89_K,0.0,,,0,,,0,0.0,,,0,,,0,0.0,,,0,,,0,0.0,,,0,,,0
pos89_M,0.03764759376645088,0.020674317531908553,0.033338844681461755,12,-0.001647473558419264,0.04964476288544927,124,0.03560609370470047,0.045104816012705364,0.01692958318755559,12,0.03441881450048494,0.019892875855913605,124,0.04945126920938492,-0.01883762901222023,0.020522899085028596,12,-0.04860543803642354,0.03180660181667107,124,0.058417126536369324,-0.07241177677254503,0.05037396492788152,12,-0.030372081675112336,0.07104009740718245,124
pos89_S,0.00017105037113651633,-0.0003094088169746101,0.0,1,-0.00017002546939895384,0.00010665457865228937,135,0.0,,,0,,,0,0.00016487996617797762,9.221702202921733e-05,0.0,1,0.00013811619959327531,0.00013269788924461377,135,0.0,,,0,,,0
pos89_T,0.025149639695882797,-0.004646852635778487,0.02103877814984758,25,-0.021763940296476172,0.022443411263299025,111,0.0488029420375824,0.04974692687392235,0.019463650135107476,25,0.048584818791258276,0.019147352899880742,111,0.07192710041999817,-0.06623688027262688,0.021318215297141067,25,-0.07320869516010757,0.023432318566951188,111,0.10057395696640015,-0.12325604110956193,0.04275169790886148,25,-0.09544542589883513,0.03613323270725742,111
pos89_V,0.007749952841550112,-0.002169150160625577,0.0,1,0.002115490229981434,0.008810186543889275,135,0.06448601186275482,0.0622377023100853,0.0,1,0.0645026550386791,0.045111692093656,135,0.00852274987846613,-0.011104061268270016,0.0,1,-0.0037071608675264375,0.011005489750070327,135,0.07625962793827057,-0.1090867668390274,0.0,1,-0.07601645294300936,0.018147194019838688,135
pos90_S,0.0,,,0,,,0,0.0,,,0,,,0,0.0,,,0,,,0,0.0,,,0,,,0
pos90_T,0.0,,,0,,,0,0.0,,,0,,,0,0.0,,,0,,,0,0.0,,,0,,,0
pos91_D,0.0,,,0,,,0,0.0,,,0,,,0,0.0,,,0,,,0,0.0,,,0,,,0
pos91_E,0.0,,,0,,,0,0.0,,,0,,,0,0.0,,,0,,,0,0.0,,,0,,,0
pos92_N,0.005247571039944887,0.0017464317720141205,0.008466268232870567,132,0.02103357296437025,0.015425825266721219,4,0.00427737133577466,0.004135027069644297,0.0030202416918890425,132,0.0048545036697760224,0.005221064181538435,4,0.003250811016187072,-0.001228809765217937,0.004667823438460168,132,-0.0053534298785962164,0.0071726419555741,4,0.005208661314100027,-0.004087654169862534,0.006110036114360436,132,-0.008319360669702291,0.0019417539787235905,4
pos92_S,0.00471118837594986,0.018000051146373153,0.012071880803069627,4,-0.000279386530046326,0.006665766833536028,132,0.000614871853031218,0.0005240773971308954,0.00014282408810358446,4,0.0003013702312962392,0.0007691512622018251,132,0.0009591768030077219,-0.0005331726133590564,0.0002045528153499253,4,-0.0005562377463678731,0.0013622897286036239,132,0.0029223947785794735,0.0012376123559079133,0.0012948366210336969,4,-0.0022914923743387176,0.002338443311387149,132
pos92_T,0.0,,,0,,,0,0.0,,,0,,,0,0.0,,,0,,,0,0.0,,,0,,,0
pos93_G,0.0,,,0,,,0,0.0,,,0,,,0,0.0,,,0,,,0,0.0,,,0,,,0
pos93_S,0.0,,,0,,,0,0.0,,,0,,,0,0.0,,,0,,,0,0.0,,,0,,,0
pos98_R,0.0,,,0,,,0,0.00036608221125788987,,,0,0.00036608228300097194,0.00026896298604141234,136,0.0,,,0,,,0,0.012896314263343811,,,0,-0.012896317228510538,0.002412817427830192,136
pos98_T,0.0,,,0,,,0,0.0,,,0,,,0,0.0,,,0,,,0,0.0013868765672668815,-0.0013868764059118215,0.0003017409108718592,136,,,0
pos99_F,0.0,,,0,,,0,0.0,,,0,,,0,0.0,,,0,,,0,0.0,,,0,,,0
pos99_Y,0.0,,,0,,,0,0.0,,,0,,,0,0.0,,,0,,,0,0.0,,,0,,,0
pos100_I,0.014402699656784534,0.01899789237359073,0.01572407241942442,5,-0.0042828576504217305,0.015577405099732825,131,0.0019392368849366903,-0.00041686147451400755,0.0017803864296150147,5,0.0014718382693525006,0.0016559334761923215,131,0.0014423872344195843,-0.0021254980378216715,0.002833884614413832,5,0.0011001819072037624,0.0013231364417104618,131,0.0038223883602768183,-0.007306236401200294,0.00507133990529687,5,0.0017607989181135247,0.003987994677907236,131
pos100_L,0.0,,,0,,,0,0.00601055845618248,,,0,0.006010557678939008,0.0021430918792369968,136,0.0,,,0,,,0,0.013444457203149796,,,0,-0.013444457377772778,0.003325754093322054,136
pos100_M,0.01326824352145195,-0.0005578861993076351,0.016645076153534614,131,0.02119708191603422,0.012172966823015939,5,0.004368634428828955,0.0020844703867901756,0.005034144651537809,131,-0.005640099849551916,0.00477039533389729,5,0.0003606204700190574,0.00026494513368207376,0.0003739993020747807,131,-0.0006384537322446704,0.00014887773292841295,5,0.003523970255628228,0.0002546659752971827,0.005372855992250154,131,-0.0023322689958149567,0.0018965182922457576,5
pos101_Q,0.0,,,0,,,0,0.0,,,0,,,0,0.0,,,0,,,0,0.0,,,0,,,0
pos101_E,0.0,,,0,,,0,0.0,,,0,,,0,0.0,,,0,,,0,0.0,,,0,,,0
pos104_Q,0.005809369962662458,-0.001637683517334086,0.008278515468421524,135,0.018820326775312424,0.0,1,0.0,,,0,,,0,0.02964741736650467,-0.026275726371548243,0.015859927188135912,135,0.023677920922636986,0.0,1,0.00033747023553587496,0.00014759721972815761,0.0011238575738122586,135,0.0002943185972981155,0.0,1
pos104_H,0.0005539277917705476,0.0003506088978610933,0.0,1,0.000402135263451513,0.0008784645870451136,135,0.0,,,0,,,0,0.0011126147583127022,-0.0007141850655898452,0.0,1,-0.0009388187137018475,0.0009251742179147213,135,0.0,,,0,,,0
pos105_I,0.0,,,0,,,0,0.0,,,0,,,0,0.0,,,0,,,0,0.0,,,0,,,0
pos105_L,0.0,,,0,,,0,0.0,,,0,,,0,0.0,,,0,,,0,0.0,,,0,,,0
pos106_L,0.0,,,0,,,0,0.0,,,0,,,0,0.0,,,0,,,0,0.0,,,0,,,0
pos107_L,0.04834162816405296,-0.04803404676179417,0.026252482819872434,118,-0.04356842519094547,0.021541519698825205,18,0.02198971062898636,0.013802921896705688,0.023105783754061728,118,-0.008097307740374364,0.020714183572893372,18,0.0215282179415226,-0.02095767535304777,0.009213511618850688,118,-0.025166645387394562,0.008811324750931986,18,0.018144235014915466,-0.010114689507290832,0.021813790415950097,118,-0.014071260656540593,0.02493347508454092,18
pos107_F,0.016702989116311073,0.010059289000411,0.005153124951222463,18,0.01747667102362187,0.007290465187167991,118,0.0024569006636738777,0.0014056288218853297,0.003099181636071762,18,0.0012347805488419816,0.0038413139991510573,118,0.022603202611207962,-0.0170138278691512,0.006763447838258159,18,-0.023294976168564695,0.008561616673285439,118,0.024096159264445305,-0.014288543814068867,0.009154021828678173,18,-0.025205721365390503,0.010564580734603986,118
pos107_S,0.0,,,0,,,0,0.0,,,0,,,0,0.0,,,0,,,0,0.0,,,0,,,0
pos108_Q,0.0,,,0,,,0,0.0,,,0,,,0,0.0,,,0,,,0,0.0,,,0,,,0
pos108_E,0.0,,,0,,,0,0.0,,,0,,,0,0.0,,,0,,,0,0.0,,,0,,,0
pos109_L,0.0,,,0,,,0,0.0,,,0,,,0,0.0,,,0,,,0,0.0,,,0,,,0
pos109_V,0.0,,,0,,,0,0.0,,,0,,,0,0.0,,,0,,,0,0.0,,,0,,,0
pos110_A,0.005544998683035374,0.005192053969949484,0.0,1,0.005547613479817907,0.0014508961003854726,135,0.0,,,0,,,0,0.02311902493238449,-0.023305388167500496,0.0,1,-0.023117650176088016,0.003475373516029906,135,0.0019251432968303561,0.0013847250957041979,0.0,1,0.0019291463739204186,0.0007161045132677445,135
pos110_Q,0.0,,,0,,,0,0.0,,,0,,,0,0.0,,,0,,,0,0.0,,,0,,,0
pos110_E,0.0006187483086250722,0.0006156539999345248,0.0003739177750897351,135,0.0003947888035327196,0.0,1,0.0,,,0,,,0,0.0005098424153402448,-0.0004552323692392006,0.00040144329246189853,135,-0.0005964566953480244,0.0,1,0.0,,,0,,,0
pos111_R,0.0,,,0,,,0,0.0,,,0,,,0,0.0,,,0,,,0,0.0,,,0,,,0
pos111_Q,0.003380002686753869,-0.0009727572704113259,0.0057861818929049345,134,-0.004257288877852261,0.001301147392950952,2,0.020350633189082146,0.019394368802044374,0.012352739953140995,134,0.053802717477083206,0.005308989435434341,2,0.00354301230981946,-0.0004005810066035935,0.005017654162002186,134,0.0021577513543888927,6.172002758830786e-05,2,0.02180512435734272,-0.020609933078904123,0.011200719333970273,134,0.00018066540360450745,0.0009133793646469712,2
pos111_H,0.007312260568141937,,,0,-0.006860359478570686,0.003719619301526708,136,0.02238270826637745,,,0,0.022044968510111656,0.007248939437715793,136,0.0,,,0,,,0,0.005547370295971632,,,0,-0.004935693662446283,0.0029612575272777403,136
pos111_L,0.0022243973799049854,-0.005357625661417842,0.0010272797662764788,2,0.0014348116752417035,0.0018554407789504205,134,0.0010071262950077653,-0.0005565874016610906,7.55789369577542e-05,2,-8.136560269909452e-06,0.0021892506598836237,134,0.0,,,0,,,0,0.0007296191761270165,-0.0004430298722581938,0.00022558872296940535,2,-0.00041286185611414707,0.0013892299010461553,134
pos112_Q,0.0,,,0,,,0,0.0,,,0,,,0,0.0,,,0,,,0,0.0,,,0,,,0
pos112_E,0.0,,,0,,,0,0.0,,,0,,,0,0.0,,,0,,,0,0.0,,,0,,,0
pos112_G,0.0,,,0,,,0,0.0,,,0,,,0,0.0,,,0,,,0,0.0,,,0,,,0
pos113_I,0.018718764185905457,-0.0026086837508534984,0.022015708427116525,134,0.030242664739489555,7.123500108718872e-05,2,0.04172583669424057,0.04062087394543854,0.019919476710213505,134,0.02416455838829279,0.01081844326108694,2,0.02932487241923809,-0.028657503465169678,0.01320392643012539,134,-0.02670893259346485,0.001417793333530426,2,0.022926032543182373,-0.02291105767371439,0.006113213234157974,134,-0.023929385468363762,0.007324928417801857,2
pos113_M,0.0012688698479905725,-0.0009632357105147094,3.4941156627610326e-05,2,0.000552540928005491,0.0015832291775012153,134,0.003221722086891532,0.002550758421421051,0.00042021949775516987,2,0.003099372338687344,0.0018412588522476857,134,0.009110301733016968,0.008584966417402029,0.0035390877164900303,2,-0.006554936174365845,0.006832752287194326,134,0.005135409068316221,0.0020721734035760164,0.003559400560334325,2,-0.004090282479613853,0.003515064527410965,134
pos114_R,0.0,,,0,,,0,0.0,,,0,,,0,0.0,,,0,,,0,0.0,,,0,,,0
pos114_K,0.0,,,0,,,0,0.0,,,0,,,0,0.0,,,0,,,0,0.0,,,0,,,0
pos114_S,0.0,,,0,,,0,0.0,,,0,,,0,0.0,,,0,,,0,0.0,,,0,,,0
pos115_A,0.09435026347637177,-0.06604489032179117,0.07677177369818454,12,-0.08550415788176319,0.07065054745932076,124,0.013118529692292213,0.011761116872852048,0.01044882331110343,12,0.012118876559754662,0.008767660062113889,124,0.020662738010287285,-0.026740326080471277,0.007920398637113156,12,-0.019406208067941348,0.013191005337960344,124,0.002940146252512932,-0.0017039290881560494,0.003903625259179813,12,-0.0018048229159772276,0.004293660254756829,124
pos115_L,0.0,,,0,,,0,0.0,,,0,,,0,0.0,,,0,,,0,0.0,,,0,,,0
pos115_S,0.0,,,0,,,0,0.0002965987951029092,,,0,0.00029659869067151756,0.00017186246464753865,136,0.00041039183270186186,,,0,-0.00041039188855553646,0.00017967667277959208,136,0.0,,,0,,,0
pos115_T,0.0208180733025074,-0.013396938192008453,0.020723705636004498,124,-0.0012401898857206106,0.02473455966230118,12,0.008801454678177834,0.007806035326329067,0.006937081725391824,124,0.0040331275085918605,0.007773238770757391,12,0.022593064233660698,-0.0226728992626792,0.008313580044132754,124,-0.021292930701747537,0.008017514314293251,12,0.0016266618622466922,-0.001067983191235051,0.002597846732205763,124,-0.00047966468264348805,0.0018248318833307836,12
pos116_C,0.0,,,0,,,0,0.0,,,0,,,0,0.0,,,0,,,0,0.0,,,0,,,0
pos116_I,0.0,,,0,,,0,0.0001797624136088416,,,0,0.00017976249332337722,0.00021274920144829013,136,0.00010272994404658675,,,0,0.00010272996509871412,6.047331400562603e-05,136,0.0,,,0,,,0
pos116_L,0.0,,,0,,,0,0.0,,,0,,,0,0.0,,,0,,,0,0.0,,,0,,,0
pos116_F,0.0004236891691107303,0.0004252460121649535,0.0009190435088259646,135,0.00019930533017031848,0.0,1,0.0,,,0,,,0,0.0003899366420228034,0.00015388566912238107,0.0007718064952147711,135,0.00031276923255063593,0.0,1,0.0,,,0,,,0
pos117_P,0.0,,,0,,,0,0.0,,,0,,,0,0.0,,,0,,,0,0.0,,,0,,,0
pos117_S,0.0,,,0,,,0,0.0,,,0,,,0,0.0,,,0,,,0,0.0,,,0,,,0
pos118_C,0.00010474292503204197,-0.00013268727343529463,0.0,1,-0.00010208630950122218,6.826391514697164e-05,135,0.0,,,0,,,0,0.0002541746653150767,0.0003592946450226009,0.0,1,0.0002533959376806807,9.787892946708819e-05,135,0.0007931028376333416,0.0007305185426957905,0.0,1,0.0007935665655639712,0.00017731562912942647,135
pos118_I,0.0,,,0,,,0,0.0,,,0,,,0,0.0,,,0,,,0,0.0,,,0,,,0
pos118_L,4.3171621655346826e-05,4.437912139110267e-05,7.481943612219766e-06,2,4.315360056760038e-05,5.293930199543866e-05,134,0.03900749608874321,0.034740179777145386,0.0005265139043331146,2,0.0390711839852938,0.0068039692549316045,134,0.0,,,0,,,0,0.057670436799526215,-0.05506511405110359,0.0032049715518951416,2,-0.057709313331366474,0.00999195118888605,134
pos118_F,0.009492119774222374,0.008547161681283461,0.005150303886358273,133,0.007954717051082602,0.005457403630930613,3,0.012017597444355488,0.0117978162912974,0.0032845672177531167,133,0.011553544861574968,0.001335802335681224,3,0.020932679995894432,-0.020715795909019567,0.006276113282202026,133,-0.00012657853464285532,0.009595896773860855,3,0.005584808997809887,0.004638556091647063,0.003690878771502527,133,-0.009880559926386923,0.009169084609432079,3
pos118_V,0.002287036506459117,,,0,0.002287035945782383,0.0007624834192393983,136,0.0,,,0,,,0,0.00872903410345316,,,0,-0.008729034456123105,0.001112525565641439,136,0.0001670976052992046,,,0,0.00016709761193316595,4.226879432560502e-05,136
pos119_Q,0.0,,,0,,,0,0.0,,,0,,,0,0.0,,,0,,,0,0.0,,,0,,,0
pos119_H,0.0,,,0,,,0,0.0,,,0,,,0,0.0,,,0,,,0,0.0,,,0,,,0
pos119_L,0.0,,,0,,,0,0.0,,,0,,,0,0.0,,,0,,,0,0.0,,,0,,,0
pos120_I,0.0,,,0,,,0,0.0,,,0,,,0,0.0,,,0,,,0,0.0,,,0,,,0
pos120_L,0.04781337454915047,-0.043420351545743564,0.03155115795843762,96,-0.054637667526549194,0.03228146882085069,40,0.21006734669208527,0.19271935517220604,0.10496862867476901,96,0.24401395106688142,0.09774871041807218,40,0.01258143037557602,-0.012672828266659053,0.006878707730899869,96,-0.012133373762480915,0.00607682164315712,40,0.11514239013195038,-0.10992695573077071,0.05103806147886205,96,-0.1276594204828143,0.043244811647329615,40
pos120_F,0.005201781168580055,0.004669461154546111,0.00321612798807286,39,0.005291255997024602,0.0032818104511967957,97,0.01803976111114025,0.023212242835702803,0.010870943126532757,39,0.014557241676249253,0.013188824042161651,97,0.0,,,0,,,0,0.007912129163742065,0.00026039479043669044,0.00954962461094546,39,0.00122407180936431,0.009943144414543302,97
pos121_I,0.0,,,0,,,0,0.0,,,0,,,0,0.0,,,0,,,0,0.0,,,0,,,0
pos121_M,0.0,,,0,,,0,0.0,,,0,,,0,0.0,,,0,,,0,0.0,,,0,,,0
pos121_F,0.0,,,0,,,0,0.0,,,0,,,0,0.0,,,0,,,0,0.0,,,0,,,0
pos122_A,0.0,,,0,,,0,0.0,,,0,,,0,0.0,,,0,,,0,0.0,,,0,,,0
pos122_N,0.0,,,0,,,0,0.0,,,0,,,0,0.0,,,0,,,0,0.0,,,0,,,0
pos2_mut,0.0,,,0,,,0,0.0,,,0,,,0,0.0,,,0,,,0,0.0,,,0,,,0
pos3_mut,0.014654822647571564,-0.010946120135486126,0.0017873561009764671,2,0.013842555744670776,0.006671897570717522,134,0.0047534252516925335,-6.033796671545133e-05,8.982550207292661e-05,2,0.004326116856958182,0.0024737428079799097,134,0.0014434837503358722,-0.004699397715739906,0.0012254948960617185,2,0.00024204063898216544,0.0021368919951928324,134,0.04443340748548508,-0.019919447600841522,0.002704886719584465,2,-0.04420728040094585,0.014391660965267027,134
pos4_mut,7.405551878036931e-05,,,0,-6.898284315117481e-05,4.193119398256214e-05,136,0.0,,,0,,,0,0.00012779096141457558,,,0,3.774021800328388e-05,0.0003732621437132962,136,0.0001516268530394882,,,0,-7.267722484731862e-05,0.0003598881769468209,136
pos5_mut,0.0,,,0,,,0,0.0,,,0,,,0,0.0,,,0,,,0,0.0,,,0,,,0
pos6_mut,0.0,,,0,,,0,0.0008265770156867802,,,0,0.0007027105670444786,0.0006898089788910683,136,0.002050907351076603,,,0,-0.0016135321585512858,0.0014380236744046678,136,0.0,,,0,,,0
pos7_mut,0.0,,,0,,,0,0.0,,,0,,,0,0.0,,,0,,,0,0.0,,,0,,,0
pos8_mut,0.0,,,0,,,0,0.0,,,0,,,0,0.0,,,0,,,0,0.0,,,0,,,0
pos9_mut,0.0,,,0,,,0,0.0,,,0,,,0,0.0,,,0,,,0,0.0,,,0,,,0
pos10_mut,0.0,,,0,,,0,0.0,,,0,,,0,0.0,,,0,,,0,0.0,,,0,,,0
pos11_mut,0.0,,,0,,,0,0.0,,,0,,,0,0.0,,,0,,,0,0.0,,,0,,,0
pos12_mut,0.0,,,0,,,0,0.0,,,0,,,0,0.0,,,0,,,0,0.0,,,0,,,0
pos13_mut,0.0,,,0,,,0,0.0,,,0,,,0,0.0,,,0,,,0,0.0,,,0,,,0
pos14_mut,0.004250450059771538,0.008948299717303598,0.00904523973550157,5,4.452779275482478e-05,0.006109050793476145,131,0.006236971355974674,0.022499635629355908,0.015588635313508629,5,0.004721639628436231,0.00886347339704548,131,0.012522864155471325,-0.01458131317049265,0.0038728852578848263,5,-0.011750326223515031,0.006524795923763987,131,0.006846057716757059,-0.00846867384389043,0.002583101924099379,5,0.0005196027547080613,0.00896100185127574,131
pos15_mut,0.0,,,0,,,0,0.0,,,0,,,0,0.0,,,0,,,0,0.0,,,0,,,0
pos16_mut,0.0,,,0,,,0,0.0,,,0,,,0,0.0,,,0,,,0,0.0,,,0,,,0
pos18_mut,0.0,,,0,,,0,0.0,,,0,,,0,0.0,,,0,,,0,0.0,,,0,,,0
pos19_mut,0.0009673709864728153,,,0,-0.0009276042593923836,0.0003018786374006708,136,0.0004284257011022419,,,0,0.00037951397462165914,0.00033694034071931353,136,0.002978433156386018,,,0,-0.0025821201415965334,0.0017658466569946422,136,0.0,,,0,,,0
pos20_mut,0.0,,,0,,,0,0.0,,,0,,,0,0.0,,,0,,,0,0.0,,,0,,,0
pos21_mut,0.0,,,0,,,0,0.0,,,0,,,0,0.0,,,0,,,0,0.0,,,0,,,0
pos22_mut,0.008420501835644245,0.004469455219805241,0.0028264401480555534,2,0.00610354264307404,0.007043273016214468,134,0.021834444254636765,0.023221313953399658,0.002501819282770157,2,0.021523920167585028,0.008232322084055853,134,0.001807561726309359,-0.0021462139557115734,0.0012796871014870703,2,0.0006929817174560453,0.0021325380020517995,134,0.053810566663742065,-0.047791317105293274,0.016303077340126038,2,-0.05318040098237402,0.02128890896037229,134
pos23_mut,0.0,,,0,,,0,0.0,,,0,,,0,0.0,,,0,,,0,0.0,,,0,,,0
pos25_mut,0.0,,,0,,,0,0.0,,,0,,,0,0.0,,,0,,,0,0.0,,,0,,,0
pos26_mut,0.0010408143280074,,,0,0.0005513371200402831,0.001429240184937174,136,0.00031282336567528546,,,0,0.00020589143591083736,0.0004642795407968815,136,0.0003886918711941689,,,0,-0.00029831671607095196,0.0008756733489099654,136,0.011393589898943901,,,0,-0.01061797640132307,0.0049893902301815585,136
pos27_mut,0.0031417852733284235,0.04001351073384285,0.0,1,0.00102215241595542,0.004958042872278748,135,0.004461165517568588,0.004277396015822887,0.0,1,0.004304618989893546,0.003639550214261051,135,0.03113134764134884,0.06984676420688629,0.0,1,-0.028957031836250313,0.015376964530678425,135,0.0038122087717056274,-0.020733708515763283,0.0,1,0.0014484876222451459,0.004063323806001276,135
pos28_mut,0.0,,,0,,,0,1.9615734345279634e-05,,,0,1.9615739116783088e-05,3.0413491541711412e-05,136,0.01430430542677641,,,0,-0.014304304283167072,0.0027529539618615703,136,0.0,,,0,,,0
pos29_mut,0.00047920402721501887,0.00036593157953272265,0.00015366450184404245,3,0.0002265102660723122,0.0007876827180301994,133,0.0013486953685060143,-0.00039561937258743757,0.00028842862853146616,3,0.000745382162786246,0.0029175334330491967,133,0.002869429998099804,-0.0019925704691559076,0.00044004464472809936,3,-0.0021432126696962037,0.0021302888159216884,133,0.0003532753908075392,0.00014976240830340734,2.5537149028334828e-05,3,-6.283993871718001e-06,0.0010209570821252804,133
pos31_mut,0.04632505401968956,0.025801547492543857,0.0028898947123766196,3,0.04395564373221977,0.025948629194822274,133,0.012272216379642487,0.012689245864748955,0.001692069950398024,3,0.01215452100395372,0.0041420597307916815,133,0.04055474326014519,-0.006649595685303211,0.008605415974901578,3,-0.03838563006094664,0.022345319589480595,133,0.08997881412506104,-0.09102996935447057,0.005260494505236575,3,-0.08995512141881132,0.01790836003543071,133
pos32_mut,0.0007173966732807457,-0.0017440104857087135,0.0,1,0.0006341597813944746,0.0007973164494836811,135,0.0005404246039688587,0.00035921920789405704,0.0,1,0.0002472660635248758,0.0013267810199877566,135,0.0015982852783054113,0.004772920161485672,0.0,1,-0.0011305460080081873,0.0013155722885465795,135,0.0010438105091452599,0.000564146030228585,0.0,1,-4.319901586482215e-05,0.002317349374911284,135
pos33_mut,0.0,,,0,,,0,0.0,,,0,,,0,0.0,,,0,,,0,0.0,,,0,,,0
pos34_mut,0.0006172786233946681,,,0,0.0003871004356262668,0.0011357350955210014,136,0.00012268987484276295,,,0,5.108706128730071e-05,0.00044641672098979276,136,0.003689833916723728,,,0,-0.003330207194427631,0.001908141573390104,136,0.0006810573977418244,,,0,0.00022267349135397715,0.0012698212905901801,136
pos35_mut,0.0,,,0,,,0,0.0,,,0,,,0,0.0,,,0,,,0,0.0,,,0,,,0
pos36_mut,0.0,,,0,,,0,0.0,,,0,,,0,0.0,,,0,,,0,0.0,,,0,,,0
pos37_mut,0.0,,,0,,,0,0.0,,,0,,,0,0.0,,,0,,,0,0.0,,,0,,,0
pos39_mut,0.010209819301962852,-0.005864440308262904,0.0015742758564159995,3,0.009848916932679643,0.004522866102512243,133,0.006387003231793642,0.0029885750263929367,0.0014154166593207276,3,0.0061549780511448715,0.0029302172040260917,133,0.02511301450431347,-0.0042640825267881155,0.0008480727795320823,3,-0.0206494508179857,0.017131241780880185,133,0.04315309599041939,-0.01733243589599927,0.007520507516834564,3,-0.04368783389323188,0.01113735386485979,133
pos40_mut,0.00033510514185763896,0.005423410329967737,0.0011032200418412685,2,-5.3923886515627575e-05,0.0005986820741590076,134,7.084078970365226e-05,0.002325627254322171,0.0,2,-3.7187325403071704e-05,1.5910448716551412e-05,134,0.0,,,0,,,0,0.0,,,0,,,0
pos41_mut,0.0,,,0,,,0,0.0,,,0,,,0,0.0,,,0,,,0,0.0,,,0,,,0
pos42_mut,0.0,,,0,,,0,0.0,,,0,,,0,0.0,,,0,,,0,0.0,,,0,,,0
pos43_mut,0.0,,,0,,,0,0.0,,,0,,,0,0.0,,,0,,,0,0.0,,,0,,,0
pos44_mut,0.0,,,0,,,0,0.0,,,0,,,0,0.0,,,0,,,0,0.0003957621520385146,-8.543231524527073e-05,0.0,1,-0.0003870949505923178,0.00032848771264840174,135
pos45_mut,0.0,,,0,,,0,0.0,,,0,,,0,0.0,,,0,,,0,0.0,,,0,,,0
pos46_mut,0.0,,,0,,,0,0.0,,,0,,,0,0.0,,,0,,,0,0.0,,,0,,,0
pos47_mut,0.0,,,0,,,0,0.0,,,0,,,0,0.0,,,0,,,0,0.0,,,0,,,0
pos48_mut,0.005718225613236427,0.001803462296569099,0.0017790886147359725,3,0.005471948781085754,0.004496525869755446,133,0.014594020321965218,0.07855129862825076,0.012879401958213516,3,0.013001978234713437,0.013552417127202381,133,0.0032883414532989264,0.0006817198106242964,0.0008255336362869634,3,-0.0030412361627936762,0.005123711736039282,133,0.020783470943570137,0.0004317155107855797,0.004347739502307464,3,-0.019418061850067312,0.01224240187373334,133
pos49_mut,0.0029057625215500593,0.021116227842867374,0.00010694842785596848,2,0.001687982041515292,0.005889239564148884,134,0.001444028108380735,0.0002918612153735012,0.0003823154547717422,2,0.0011522700007111806,0.0012121245643633256,134,0.016949638724327087,0.018182375468313694,0.0047316355630755424,2,-0.013621950668887472,0.011728823065231174,134,0.0011109050828963518,0.0009308698936365545,0.00032310403184965253,2,0.0003351108005979279,0.0016252755029181553,134
pos50_mut,0.0,,,0,,,0,0.0,,,0,,,0,0.0,,,0,,,0,0.0,,,0,,,0
pos51_mut,0.0,,,0,,,0,0.0,,,0,,,0,0.0,,,0,,,0,0.0,,,0,,,0
pos52_mut,0.003406108822673559,-0.004916081787087023,0.0010405088542029262,2,0.00197467477662044,0.003181692924333452,134,0.004355310928076506,0.003217027144273743,0.003842669917503372,2,0.0034500213382738934,0.006539921339509867,134,0.016635093837976456,-0.020154189318418503,0.00035550445318222046,2,-0.014039975505104156,0.011291989149680128,134,0.0010445474181324244,0.0006731143512297422,0.00015639900811947882,2,-0.00019817728232915182,0.0017605221137268043,134
pos53_mut,0.0,,,0,,,0,0.0,,,0,,,0,0.0,,,0,,,0,0.0,,,0,,,0
pos54_mut,0.0,,,0,,,0,0.0,,,0,,,0,0.0,,,0,,,0,0.0,,,0,,,0
pos55_mut,0.0,,,0,,,0,0.0,,,0,,,0,0.0,,,0,,,0,0.0,,,0,,,0
pos56_mut,0.0,,,0,,,0,0.0,,,0,,,0,0.0,,,0,,,0,0.0,,,0,,,0
pos57_mut,0.0003319547977298498,-0.0001694199672783725,5.8926518249791116e-05,2,0.00012171729004102647,0.0007313324195776593,134,0.0,,,0,,,0,0.0,,,0,,,0,0.0,,,0,,,0
pos58_mut,0.0,,,0,,,0,0.0,,,0,,,0,0.0,,,0,,,0,0.0,,,0,,,0
pos59_mut,0.0,,,0,,,0,0.0,,,0,,,0,0.0,,,0,,,0,0.0,,,0,,,0
pos60_mut,0.018703676760196686,-0.008815396344289184,0.01703083354105217,6,0.01430333385729822,0.015880574050245275,130,0.01899969018995762,0.05148384223381678,0.017881204046906362,6,0.008985510846021219,0.02298380124252546,130,0.0026210115756839514,-0.008661882874245444,0.003194796231454476,6,-0.0006676302940412335,0.0041791080716134296,130,0.022582275792956352,-0.020960337404782575,0.013839289286668712,6,-0.022276239182191113,0.009786262479718727,130
pos61_mut,0.0,,,0,,,0,0.0,,,0,,,0,0.0,,,0,,,0,0.0,,,0,,,0
pos62_mut,0.0,,,0,,,0,0.0,,,0,,,0,0.0,,,0,,,0,0.0,,,0,,,0
pos63_mut,0.0048699709586799145,,,0,0.00023763371722024577,0.0071447332860062,136,0.001729420619085431,,,0,0.0013569800648838282,0.001298533155126193,136,0.0008392003946937621,,,0,-0.00018806001072094018,0.0015664901032992724,136,0.00046000510337762535,,,0,3.486672138773001e-05,0.0011393446753787731,136
pos64_mut,0.0,,,0,,,0,0.002649004338309169,,,0,0.0003667844524470103,0.0042119842842146225,136,0.0,,,0,,,0,0.00014283084601629525,,,0,3.204761100385119e-05,0.0006604310682857379,136
pos65_mut,0.0,,,0,,,0,0.0,,,0,,,0,0.0,,,0,,,0,0.0,,,0,,,0
pos67_mut,5.7290166296297684e-05,-8.393418829655275e-05,0.0,1,-3.936171568865474e-05,8.222656378499846e-05,135,0.0,,,0,,,0,7.896713213995099e-05,-2.5704435756779276e-05,0.0,1,-7.865667914841281e-05,8.775724168261021e-05,135,0.0,,,0,,,0
pos68_mut,0.0,,,0,,,0,0.0,,,0,,,0,0.0,,,0,,,0,0.0,,,0,,,0
pos70_mut,0.00021372101036831737,,,0,0.00019285057925344518,0.0002800098550487784,136,0.000996204325929284,,,0,0.0009447835445291061,0.0005968560668208317,136,0.0,,,0,,,0,0.0,,,0,,,0
pos71_mut,0.0,,,0,,,0,0.0,,,0,,,0,0.0,,,0,,,0,0.0,,,0,,,0
pos72_mut,0.0,,,0,,,0,0.0,,,0,,,0,0.0,,,0,,,0,0.0,,,0,,,0
pos74_mut,0.0,,,0,,,0,0.0,,,0,,,0,0.0,,,0,,,0,0.0,,,0,,,0
pos76_mut,0.0,,,0,,,0,0.0,,,0,,,0,0.0,,,0,,,0,0.0,,,0,,,0
pos77_mut,0.0,,,0,,,0,0.0,,,0,,,0,0.0,,,0,,,0,0.0,,,0,,,0
pos79_mut,0.0,,,0,,,0,0.0,,,0,,,0,0.0,,,0,,,0,0.0,,,0,,,0
pos80_mut,0.0,,,0,,,0,0.0,,,0,,,0,0.0,,,0,,,0,0.0,,,0,,,0
pos81_mut,9.769241296453401e-05,6.012559242662974e-05,0.0,1,9.532840267638676e-05,9.914819157033297e-05,135,5.6120672525139526e-05,1.4399280189536512e-05,0.0,1,4.99479513800233e-05,6.497269193344388e-05,135,0.006151692941784859,0.0002812691091094166,0.0,1,-0.0057448085621689205,0.00256463100402205,135,6.0324426158331335e-05,0.0001759030419634655,0.0,1,5.946826868576291e-05,5.836110335572785e-05,135
pos82_mut,0.0,,,0,,,0,0.0,,,0,,,0,0.0,,,0,,,0,0.0,,,0,,,0
pos83_mut,0.00933974701911211,0.0017930501608134364,0.004468669116204996,4,0.007135388321220296,0.00746043990117956,132,0.0021118351723998785,0.005861010460648686,0.0021891405258094355,4,0.0016753845440360471,0.002441666117676535,132,0.03559855371713638,-0.018653121660463512,0.010353163444864326,4,-0.03292270183208695,0.021501863036227132,132,0.0023929746821522713,0.001129070413298905,0.0005579066603997583,4,0.00014352935646787625,0.0034337199210402397,132
pos85_mut,0.006191186141222715,,,0,0.0038299861328542806,0.005860397025099959,136,0.0011333408765494823,,,0,0.0002625668385743505,0.0016706415089724868,136,0.014434284530580044,,,0,-0.011445490904032555,0.010484180822424844,136,0.00017594046948943287,,,0,-0.00017225063653741554,0.0002497931819919438,136
pos86_mut,0.0018635760061442852,0.011357715353369713,0.0,1,5.909695152055334e-05,0.002813378303222499,135,0.0007119867950677872,0.006478925235569477,0.0,1,0.00024267573751583565,0.0015912681874926749,135,0.002158667193725705,-0.0021064644679427147,0.0,1,-0.0014667897815444223,0.0020176478602796635,135,0.001723220688290894,-0.0013805285561829805,0.0,1,0.0005055645167616334,0.0026235521183408422,135
pos87_mut,0.0,,,0,,,0,0.0,,,0,,,0,0.0,,,0,,,0,0.0,,,0,,,0
pos88_mut,0.0021089932415634394,-0.0006109813111834228,0.0,1,-0.0005613814899266732,0.003097086366974312,135,0.0012065512128174305,0.005203777924180031,0.0,1,0.0010773622860950935,0.0028723736506181177,135,0.00114649988245219,-0.0032951259054243565,0.0,1,0.0006577212791146141,0.0011916087386462828,135,0.00021557790751103312,-4.879296102444641e-05,0.0,1,-0.000216813223124956,0.00026839307939826717,135
pos89_mut,0.024077685549855232,-0.005307219456881285,0.012233614244235008,4,0.019521117120761614,0.019770698719693638,132,0.031130647286772728,0.02928400505334139,0.007825990469667513,4,0.031095011749075085,0.012364634198464368,132,0.09168801456689835,-0.058574491180479527,0.01780273102364644,4,-0.08969736298207533,0.04565312752571839,132,0.045473530888557434,-0.05071281222626567,0.02027838399331657,4,-0.04510794774405164,0.03414408184886854,132
pos90_mut,0.0,,,0,,,0,0.0,,,0,,,0,0.0,,,0,,,0,0.0,,,0,,,0
pos91_mut,0.0,,,0,,,0,0.0,,,0,,,0,0.0,,,0,,,0,0.0,,,0,,,0
pos92_mut,0.004533456638455391,,,0,0.0037963417594523087,0.00485798744117627,136,0.00018802717386279255,,,0,0.00015800949643107742,0.00017910952209589359,136,0.00666008610278368,,,0,-0.005316173884934602,0.004852279975399886,136,0.023779993876814842,,,0,-0.023477286136339363,0.0090495329756486,136
pos93_mut,0.0,,,0,,,0,0.0,,,0,,,0,0.0,,,0,,,0,0.0,,,0,,,0
pos98_mut,0.0,,,0,,,0,0.0,,,0,,,0,0.0,,,0,,,0,0.0,,,0,,,0
pos99_mut,0.0,,,0,,,0,0.0,,,0,,,0,0.0,,,0,,,0,0.0,,,0,,,0
pos100_mut,0.002078735502436757,,,0,0.0014327833435291884,0.0022771921361865594,136,0.01434776559472084,,,0,0.014325380172094275,0.0036411556242451383,136,0.003632039064541459,,,0,-0.002650334981915555,0.003159762658203751,136,0.008357295766472816,,,0,-0.008294870181998704,0.002323380265504834,136
pos101_mut,0.0,,,0,,,0,0.0,,,0,,,0,0.0,,,0,,,0,0.0,,,0,,,0
pos104_mut,0.0,,,0,,,0,0.0,,,0,,,0,0.0,,,0,,,0,0.0,,,0,,,0
pos105_mut,0.0,,,0,,,0,0.0,,,0,,,0,0.0,,,0,,,0,0.0,,,0,,,0
pos106_mut,0.0,,,0,,,0,0.0,,,0,,,0,0.0,,,0,,,0,0.0,,,0,,,0
pos107_mut,0.0013788145733997226,-0.0012756392825394869,0.0,1,-0.001379579103431078,0.0001502091792362255,135,0.0,,,0,,,0,2.6910645829048008e-05,6.197959010023624e-05,0.0,1,2.665087636328449e-05,1.977364148565552e-05,135,0.0,,,0,,,0
pos108_mut,0.0,,,0,,,0,0.0,,,0,,,0,0.0,,,0,,,0,0.0,,,0,,,0
pos109_mut,0.0,,,0,,,0,0.0,,,0,,,0,0.0,,,0,,,0,0.0,,,0,,,0
pos110_mut,0.0,,,0,,,0,0.0,,,0,,,0,0.0,,,0,,,0,0.0,,,0,,,0
pos111_mut,0.0,,,0,,,0,0.0,,,0,,,0,0.0,,,0,,,0,0.0,,,0,,,0
pos112_mut,0.0,,,0,,,0,0.0,,,0,,,0,0.0,,,0,,,0,0.0,,,0,,,0
pos113_mut,6.482737080659717e-05,,,0,6.482732830109479e-05,8.443718955318252e-05,136,0.0,,,0,,,0,0.0003930889652110636,,,0,-0.00039308895451112594,0.0001752418001938736,136,0.0,,,0,,,0
pos114_mut,0.0,,,0,,,0,0.0,,,0,,,0,0.0,,,0,,,0,0.0,,,0,,,0
pos115_mut,0.006613538600504398,-0.0008985426393337548,0.0,1,-0.002088695047940645,0.008003084372946247,135,0.008270476013422012,0.0026875757612288,0.0,1,0.008060869646983014,0.003449182821363352,135,0.04182729870080948,-0.004354903008788824,0.0,1,-0.04058203437037904,0.016584701035007088,135,0.00021903260494582355,0.00013051227142568678,0.0,1,0.00015382636702270246,0.000448441953502076,135
pos116_mut,7.010444096522406e-05,-3.638430280261673e-05,0.0,1,-8.207382604639322e-06,0.00026294105457422414,135,0.0,,,0,,,0,0.0,,,0,,,0,0.0,,,0,,,0
pos117_mut,0.0,,,0,,,0,0.0,,,0,,,0,0.0,,,0,,,0,0.0,,,0,,,0
pos118_mut,0.0,,,0,,,0,0.0,,,0,,,0,0.0,,,0,,,0,0.0,,,0,,,0
pos119_mut,0.0,,,0,,,0,0.0,,,0,,,0,0.0,,,0,,,0,0.0,,,0,,,0
pos120_mut,9.170673001790419e-05,2.8750172361924342e-05,2.7103396121219703e-05,2,5.965191068054394e-06,0.00016006580283053426,134,0.011345092207193375,0.011622853577136993,0.0008802395313978195,2,0.009721849863452198,0.00698893994555572,134,0.005527490749955177,-0.0053715871181339025,2.4198321625590324e-05,2,-0.004936953193735924,0.0030883004291835012,134,0.008143220096826553,-0.005701178917661309,9.347195737063885e-05,2,-0.007998608452799632,0.003214343399788349,134
pos121_mut,0.0,,,0,,,0,0.0,,,0,,,0,0.0,,,0,,,0,0.0,,,0,,,0
pos122_mut,0.00027675979072228074,-0.00032254468533210456,0.0,1,-0.0002764205807276691,6.188957434260733e-05,135,0.0,,,0,,,0,0.0,,,0,,,0,0.0,,,0,,,0
