"Site","Partition","&alpha;","&beta;","&beta;-&alpha;","Prob[&alpha;>&beta;]","Prob[&alpha;<&beta;]","BayesFactor[&alpha;<&beta;]"
1,1,"3.133","0.002","-3.130","0.979","0.000","0.000"
2,1,"1.775","0.097","-1.678","1.000","0.000","0.000"
3,1,"2.815","0.554","-2.261","1.000","0.000","0.000"
4,1,"1.423","0.073","-1.350","1.000","0.000","0.000"
5,1,"1.167","0.124","-1.043","1.000","0.000","0.000"
6,1,"2.815","0.075","-2.740","1.000","0.000","0.000"
7,1,"2.815","0.082","-2.733","1.000","0.000","0.000"
8,1,"0.983","0.273","-0.710","0.999","0.000","0.000"
9,1,"1.205","0.074","-1.131","1.000","0.000","0.000"
10,1,"2.664","0.073","-2.591","1.000","0.000","0.000"
11,1,"0.943","0.006","-0.938","1.000","0.000","0.000"
12,1,"2.962","0.074","-2.888","0.982","0.009","0.018"
13,1,"2.814","0.794","-2.020","1.000","0.000","0.000"
14,1,"0.720","0.252","-0.468","0.991","0.003","0.005"
15,1,"1.189","0.082","-1.106","1.000","0.000","0.000"
16,1,"0.457","0.078","-0.378","0.999","0.000","0.000"
17,1,"1.245","0.072","-1.173","1.000","0.000","0.000"
18,1,"1.147","0.111","-1.036","1.000","0.000","0.000"
19,1,"2.815","0.218","-2.597","1.000","0.000","0.000"
20,1,"0.703","1.097","0.395","0.032","0.903","18.817"
21,1,"3.133","0.002","-3.130","0.979","0.000","0.000"
22,1,"1.271","0.108","-1.163","1.000","0.000","0.000"
23,1,"2.815","0.011","-2.804","1.000","0.000","0.000"
24,1,"1.220","0.906","-0.314","0.819","0.030","0.062"
25,1,"2.815","0.006","-2.809","1.000","0.000","0.000"
26,1,"2.815","0.011","-2.804","1.000","0.000","0.000"
27,1,"2.766","0.800","-1.967","0.999","0.000","0.000"
28,1,"2.815","0.406","-2.409","1.000","0.000","0.000"
29,1,"2.815","0.330","-2.485","1.000","0.000","0.000"
30,1,"2.815","1.041","-1.774","1.000","0.000","0.000"
31,1,"1.186","0.081","-1.105","1.000","0.000","0.000"
32,1,"2.815","0.079","-2.736","1.000","0.000","0.000"
33,1,"1.137","0.020","-1.117","1.000","0.000","0.000"
34,1,"2.815","0.072","-2.743","1.000","0.000","0.000"
35,1,"2.752","0.083","-2.669","1.000","0.000","0.000"
36,1,"1.259","0.072","-1.187","1.000","0.000","0.000"
37,1,"1.210","0.073","-1.137","1.000","0.000","0.000"
38,1,"1.962","0.076","-1.886","1.000","0.000","0.000"
39,1,"2.814","0.009","-2.805","1.000","0.000","0.000"
40,1,"2.809","0.073","-2.737","1.000","0.000","0.000"
41,1,"2.807","0.009","-2.798","1.000","0.000","0.000"
42,1,"2.815","0.192","-2.623","1.000","0.000","0.000"
43,1,"2.815","0.011","-2.804","1.000","0.000","0.000"
44,1,"2.817","0.783","-2.034","1.000","0.000","0.000"
45,1,"1.644","0.072","-1.572","1.000","0.000","0.000"
46,1,"1.203","0.076","-1.127","1.000","0.000","0.000"
47,1,"3.133","0.002","-3.130","0.979","0.000","0.000"
48,1,"1.170","0.078","-1.092","1.000","0.000","0.000"
49,1,"2.815","0.012","-2.803","1.000","0.000","0.000"
50,1,"2.731","0.011","-2.720","1.000","0.000","0.000"
51,1,"2.815","0.072","-2.743","1.000","0.000","0.000"
52,1,"2.815","0.072","-2.743","1.000","0.000","0.000"
53,1,"2.619","0.014","-2.605","1.000","0.000","0.000"
54,1,"7.125","0.095","-7.030","1.000","0.000","0.000"
55,1,"2.815","1.066","-1.749","1.000","0.000","0.000"
56,1,"2.815","0.074","-2.741","1.000","0.000","0.000"
57,1,"7.125","1.278","-5.847","1.000","0.000","0.000"
58,1,"1.767","0.091","-1.676","1.000","0.000","0.000"
59,1,"2.808","0.178","-2.631","1.000","0.000","0.000"
60,1,"2.815","0.102","-2.713","1.000","0.000","0.000"
61,1,"2.442","1.055","-1.388","0.914","0.014","0.028"
62,1,"2.815","1.143","-1.671","1.000","0.000","0.000"
63,1,"2.815","1.186","-1.629","1.000","0.000","0.000"
64,1,"2.787","0.074","-2.713","1.000","0.000","0.000"
65,1,"1.268","0.580","-0.687","0.999","0.000","0.000"
66,1,"1.268","1.180","-0.087","0.212","0.066","0.141"
67,1,"2.815","0.078","-2.737","1.000","0.000","0.000"
68,1,"2.815","0.335","-2.479","1.000","0.000","0.000"
69,1,"0.967","0.014","-0.953","1.000","0.000","0.000"
70,1,"1.148","0.632","-0.516","0.987","0.004","0.009"
71,1,"2.815","0.079","-2.735","1.000","0.000","0.000"
72,1,"2.815","0.081","-2.734","1.000","0.000","0.000"
73,1,"2.815","0.073","-2.742","1.000","0.000","0.000"
74,1,"2.581","0.010","-2.571","1.000","0.000","0.000"
75,1,"2.815","0.011","-2.803","1.000","0.000","0.000"
76,1,"0.612","0.008","-0.604","1.000","0.000","0.000"
77,1,"2.708","0.072","-2.636","1.000","0.000","0.000"
78,1,"1.205","0.090","-1.115","0.998","0.000","0.001"
79,1,"1.977","0.079","-1.898","1.000","0.000","0.000"
80,1,"2.815","0.011","-2.804","1.000","0.000","0.000"
81,1,"2.815","0.072","-2.743","1.000","0.000","0.000"
82,1,"2.815","0.072","-2.743","1.000","0.000","0.000"
83,1,"2.815","0.074","-2.741","1.000","0.000","0.000"
84,1,"2.815","0.072","-2.743","1.000","0.000","0.000"
85,1,"2.815","1.225","-1.590","1.000","0.000","0.000"
86,1,"2.294","0.647","-1.647","0.880","0.093","0.207"
87,1,"2.815","0.072","-2.743","1.000","0.000","0.000"
88,1,"2.791","0.089","-2.702","0.966","0.021","0.044"
89,1,"1.226","0.072","-1.153","1.000","0.000","0.000"
90,1,"2.815","0.705","-2.110","1.000","0.000","0.000"
91,1,"2.815","0.072","-2.743","1.000","0.000","0.000"
92,1,"1.400","0.073","-1.328","1.000","0.000","0.000"
93,1,"2.813","0.072","-2.741","1.000","0.000","0.000"
94,1,"2.815","0.076","-2.739","1.000","0.000","0.000"
95,1,"2.815","0.072","-2.743","1.000","0.000","0.000"
96,1,"2.809","0.073","-2.737","1.000","0.000","0.000"
97,1,"2.815","0.431","-2.384","1.000","0.000","0.000"
98,1,"2.771","0.218","-2.553","1.000","0.000","0.000"
99,1,"2.815","0.718","-2.097","1.000","0.000","0.000"
100,1,"2.779","1.224","-1.555","0.978","0.000","0.001"
101,1,"2.815","0.674","-2.141","1.000","0.000","0.000"
102,1,"2.815","0.072","-2.743","1.000","0.000","0.000"
103,1,"2.815","0.005","-2.810","1.000","0.000","0.000"
104,1,"2.815","0.635","-2.180","1.000","0.000","0.000"
105,1,"2.815","0.369","-2.446","1.000","0.000","0.000"
106,1,"2.815","0.009","-2.806","1.000","0.000","0.000"
107,1,"2.815","0.005","-2.810","1.000","0.000","0.000"
108,1,"2.504","0.073","-2.432","1.000","0.000","0.000"
109,1,"2.815","0.025","-2.789","1.000","0.000","0.000"
110,1,"2.333","0.073","-2.259","1.000","0.000","0.000"
111,1,"2.815","0.072","-2.743","1.000","0.000","0.000"
112,1,"2.562","0.022","-2.539","1.000","0.000","0.000"
113,1,"2.815","0.073","-2.742","1.000","0.000","0.000"
114,1,"2.815","0.376","-2.439","1.000","0.000","0.000"
115,1,"2.815","0.415","-2.399","1.000","0.000","0.000"
116,1,"2.815","0.072","-2.743","1.000","0.000","0.000"
117,1,"1.732","0.022","-1.711","1.000","0.000","0.000"
118,1,"1.175","0.883","-0.292","0.849","0.034","0.070"
119,1,"2.622","0.073","-2.549","1.000","0.000","0.000"
120,1,"2.785","0.316","-2.470","1.000","0.000","0.000"
121,1,"2.812","0.006","-2.806","1.000","0.000","0.000"
122,1,"2.815","0.108","-2.707","1.000","0.000","0.000"
123,1,"1.467","0.015","-1.452","1.000","0.000","0.000"
124,1,"2.815","0.008","-2.807","1.000","0.000","0.000"
125,1,"2.815","0.007","-2.808","1.000","0.000","0.000"
126,1,"2.797","0.236","-2.561","1.000","0.000","0.000"
127,1,"2.815","0.488","-2.327","1.000","0.000","0.000"
128,1,"2.815","0.072","-2.742","1.000","0.000","0.000"
129,1,"2.686","0.466","-2.220","0.999","0.000","0.001"
130,1,"2.815","0.019","-2.795","1.000","0.000","0.000"
131,1,"2.815","0.019","-2.795","1.000","0.000","0.000"
132,1,"2.766","0.095","-2.671","1.000","0.000","0.000"
133,1,"2.815","0.011","-2.804","1.000","0.000","0.000"
134,1,"2.812","0.013","-2.799","1.000","0.000","0.000"
135,1,"2.798","0.006","-2.792","1.000","0.000","0.000"
136,1,"2.273","0.081","-2.192","1.000","0.000","0.000"
137,1,"2.803","0.013","-2.790","1.000","0.000","0.000"
138,1,"2.623","0.072","-2.551","1.000","0.000","0.000"
139,1,"2.727","0.013","-2.713","1.000","0.000","0.000"
140,1,"2.815","0.072","-2.743","1.000","0.000","0.000"
141,1,"2.815","0.286","-2.529","1.000","0.000","0.000"
142,1,"2.815","1.221","-1.594","1.000","0.000","0.000"
143,1,"1.193","0.073","-1.120","1.000","0.000","0.000"
144,1,"1.936","0.079","-1.857","1.000","0.000","0.000"
145,1,"2.815","0.010","-2.805","1.000","0.000","0.000"
146,1,"2.815","0.072","-2.743","1.000","0.000","0.000"
147,1,"2.815","0.010","-2.805","1.000","0.000","0.000"
148,1,"2.814","0.072","-2.742","1.000","0.000","0.000"
149,1,"2.815","0.012","-2.802","1.000","0.000","0.000"
150,1,"2.808","0.072","-2.736","1.000","0.000","0.000"
151,1,"2.815","0.371","-2.444","1.000","0.000","0.000"
152,1,"2.815","0.006","-2.809","1.000","0.000","0.000"
153,1,"2.813","0.072","-2.742","1.000","0.000","0.000"
154,1,"2.815","0.011","-2.804","1.000","0.000","0.000"
155,1,"2.547","0.072","-2.475","0.984","0.007","0.014"
156,1,"2.815","0.072","-2.743","1.000","0.000","0.000"
157,1,"2.815","0.072","-2.743","1.000","0.000","0.000"
158,1,"2.815","0.818","-1.996","1.000","0.000","0.000"
159,1,"2.815","0.072","-2.743","1.000","0.000","0.000"
160,1,"2.815","0.072","-2.742","1.000","0.000","0.000"
161,1,"1.178","0.159","-1.019","1.000","0.000","0.000"
162,1,"2.815","0.074","-2.740","1.000","0.000","0.000"
163,1,"2.812","0.074","-2.738","1.000","0.000","0.000"
164,1,"2.820","0.072","-2.748","1.000","0.000","0.000"
165,1,"2.815","0.074","-2.740","1.000","0.000","0.000"
166,1,"2.815","0.072","-2.743","1.000","0.000","0.000"
167,1,"2.780","0.072","-2.708","1.000","0.000","0.000"
168,1,"2.815","0.072","-2.743","1.000","0.000","0.000"
169,1,"1.222","0.073","-1.149","1.000","0.000","0.000"
170,1,"2.813","0.072","-2.742","1.000","0.000","0.000"
171,1,"2.815","0.072","-2.742","1.000","0.000","0.000"
172,1,"2.815","0.073","-2.742","1.000","0.000","0.000"
173,1,"2.814","0.072","-2.743","1.000","0.000","0.000"
174,1,"2.815","0.007","-2.808","1.000","0.000","0.000"
175,1,"2.815","0.015","-2.800","1.000","0.000","0.000"
176,1,"1.174","0.147","-1.028","1.000","0.000","0.000"
177,1,"2.815","0.072","-2.743","1.000","0.000","0.000"
178,1,"2.813","0.072","-2.741","1.000","0.000","0.000"
179,1,"2.815","0.072","-2.743","1.000","0.000","0.000"
180,1,"2.796","0.255","-2.541","1.000","0.000","0.000"
181,1,"2.811","0.073","-2.738","1.000","0.000","0.000"
182,1,"1.802","0.076","-1.726","0.957","0.021","0.043"
183,1,"1.897","0.076","-1.821","1.000","0.000","0.000"
184,1,"2.205","1.096","-1.109","0.828","0.007","0.014"
185,1,"2.815","0.218","-2.597","1.000","0.000","0.000"
186,1,"2.815","0.908","-1.907","1.000","0.000","0.000"
187,1,"2.787","0.454","-2.332","1.000","0.000","0.000"
188,1,"3.151","0.089","-3.062","0.968","0.020","0.041"
189,1,"2.815","0.088","-2.727","1.000","0.000","0.000"
190,1,"0.158","0.085","-0.074","0.622","0.061","0.130"
191,1,"0.199","0.007","-0.192","0.979","0.001","0.002"
192,1,"0.193","0.461","0.269","0.029","0.934","28.237"
193,1,"0.024","0.913","0.889","0.000","1.000","1929001.648"
194,1,"0.010","0.401","0.391","0.000","1.000","6021.732"
195,1,"0.025","1.161","1.136","0.000","1.000","16513353.189"
196,1,"0.015","1.084","1.069","0.000","1.000","225243765.865"
197,1,"0.096","0.638","0.542","0.000","1.000","19973.984"
198,1,"0.098","0.725","0.627","0.000","1.000","36948.696"
199,1,"0.025","1.238","1.213","0.000","1.000","812355963.200"
200,1,"1.089","0.434","-0.655","0.992","0.003","0.006"
201,1,"0.177","0.742","0.566","0.000","0.999","1595.770"
202,1,"0.015","0.495","0.480","0.000","1.000","17582.792"
203,1,"0.032","0.576","0.544","0.000","1.000","6012.255"
204,1,"0.013","2.815","2.802","0.000","1.000","Infinity"
205,1,"0.092","0.849","0.756","0.000","1.000","497652.389"
206,1,"0.111","1.216","1.105","0.000","1.000","3308506.704"
207,1,"0.406","1.208","0.802","0.000","1.000","4541.235"
208,1,"0.076","2.815","2.739","0.000","1.000","4527325798039830.000"
209,1,"0.303","1.915","1.612","0.000","1.000","30488.980"
210,1,"0.235","1.249","1.015","0.000","1.000","5256548.114"
211,1,"0.641","0.148","-0.493","0.993","0.002","0.003"
212,1,"0.450","2.807","2.357","0.000","1.000","231214.595"
213,1,"0.139","1.692","1.553","0.000","1.000","17536935.966"
214,1,"0.009","0.677","0.668","0.000","1.000","2342898.017"
215,1,"1.038","1.163","0.124","0.120","0.476","1.828"
216,1,"0.019","1.197","1.178","0.000","1.000","2198178073.064"
217,1,"0.128","0.607","0.480","0.002","0.995","425.930"
218,1,"0.285","1.213","0.927","0.000","1.000","55992.639"
219,1,"0.019","1.163","1.145","0.000","1.000","322660245.985"
220,1,"0.017","2.502","2.485","0.000","1.000","6304034349.566"
221,1,"0.010","2.815","2.805","0.000","1.000","Infinity"
222,1,"0.017","1.010","0.993","0.000","1.000","31810284.987"
223,1,"0.296","0.519","0.223","0.074","0.861","12.496"
224,1,"0.562","0.814","0.252","0.083","0.849","11.288"
225,1,"2.786","1.226","-1.560","0.982","0.000","0.000"
226,1,"0.114","0.717","0.603","0.000","1.000","10585.974"
227,1,"0.116","1.154","1.037","0.000","1.000","194154.599"
228,1,"0.017","1.081","1.064","0.000","1.000","101356113.802"
229,1,"0.086","1.187","1.101","0.000","1.000","190478229.525"
230,1,"0.164","0.702","0.538","0.001","0.998","1208.321"
231,1,"0.020","0.548","0.528","0.000","1.000","43984.144"
232,1,"0.922","0.336","-0.587","0.605","0.349","1.076"
233,1,"1.112","0.503","-0.609","0.502","0.459","1.704"
234,1,"1.224","0.268","-0.955","0.730","0.227","0.591"
235,1,"0.049","0.365","0.316","0.021","0.958","45.468"
236,1,"0.562","1.134","0.572","0.013","0.962","51.108"
237,1,"0.062","0.814","0.752","0.001","0.999","1627.099"
238,1,"0.121","0.914","0.793","0.001","0.999","1575.663"
239,1,"0.389","0.586","0.198","0.156","0.769","6.697"
240,1,"0.150","0.760","0.609","0.002","0.996","552.097"
241,1,"0.166","0.649","0.482","0.009","0.983","116.464"
242,1,"0.026","0.054","0.028","0.171","0.299","0.856"
243,1,"0.272","0.639","0.367","0.036","0.937","29.971"
244,1,"0.043","0.411","0.368","0.009","0.982","108.111"
245,1,"0.060","0.550","0.490","0.004","0.992","263.500"
246,1,"0.048","0.489","0.442","0.005","0.989","185.058"
247,1,"0.038","1.057","1.018","0.000","1.000","68614.522"
248,1,"0.060","0.481","0.422","0.011","0.980","99.162"
249,1,"0.311","0.099","-0.213","0.855","0.040","0.084"
250,1,"0.048","0.830","0.782","0.000","1.000","7193.357"
251,1,"0.209","0.687","0.479","0.014","0.975","77.762"
252,1,"0.135","1.051","0.916","0.000","1.000","6411.729"
253,1,"5.725","26.638","20.913","0.099","0.855","11.829"
254,1,"2.122","2.132","0.011","0.388","0.575","2.715"
255,1,"4.280","0.367","-3.913","0.939","0.050","0.106"
256,1,"2.629","6.362","3.732","0.206","0.757","6.259"
257,1,"1.804","0.750","-1.054","0.578","0.387","1.269"
258,1,"2.651","0.616","-2.035","0.690","0.280","0.781"
259,1,"2.482","0.516","-1.966","0.687","0.282","0.789"
260,1,"1.869","0.543","-1.326","0.661","0.306","0.888"
